dataset,least,most_polarity,seed,epsilon,pos,polarity,trigger_size,trigger_label,loss,optimizer,batch_size,type,epochs,start,end,strobe_gap,strobe_on_duration,trigger_length,random,train_acc,test_acc_clean,test_acc_backdoor
cifar10,False,False,42,0.1,top-left,0,0.2,0,0.04731247983376185,adam,16,static,10,15,0,0,1,1,False,0.6774444444444444,0.619,0.122
cifar10,False,False,42,0.1,top-left,0,0.2,0,0.04671985828876495,adam,16,static,10,14,0,0,1,2,False,0.6836666666666666,0.633,0.112
cifar10,False,False,42,0.1,top-left,0,0.2,0,0.04653951349192195,adam,16,static,10,13,0,0,1,3,False,0.6836666666666666,0.628,0.12
cifar10,False,False,42,0.1,top-left,0,0.2,0,0.04638256519701746,adam,16,static,10,12,0,0,1,4,False,0.6843333333333333,0.618,0.125
cifar10,False,False,42,0.1,top-left,0,0.2,0,0.045973312301768196,adam,16,static,10,11,0,0,1,5,False,0.6876666666666666,0.605,0.282
cifar10,False,False,42,0.1,top-left,0,0.2,0,0.042856856418980495,adam,16,static,10,10,0,0,1,6,False,0.7192222222222222,0.621,0.475
cifar10,False,False,42,0.1,top-left,0,0.2,0,0.04152183870640066,adam,16,static,10,9,0,0,1,7,False,0.7321111111111112,0.623,0.648
cifar10,False,False,42,0.1,top-left,0,0.2,0,0.042799506700701186,adam,16,static,10,8,0,0,1,8,False,0.7228888888888889,0.594,0.782
