dataset,least,most_polarity,seed,epsilon,pos,polarity,trigger_size,trigger_label,loss,optimizer,batch_size,type,epochs,start,end,strobe_gap,strobe_on_duration,trigger_length,random,train_acc,test_acc_clean,test_acc_backdoor
mnist,False,False,42,0.1,top-left,0,0.3,0,0.016373392078264926,adam,16,static,10,0,0,0,1,1,False,0.9066333333333333,0.9931,0.1002
mnist,False,False,42,0.1,top-left,0,0.3,0,0.012753988447824183,adam,16,static,10,0,0,0,1,2,False,0.9263166666666667,0.9916,0.3213
mnist,False,False,42,0.1,top-left,0,0.3,0,0.01093640786394244,adam,16,static,10,0,0,0,1,3,False,0.9330666666666667,0.9915,0.4058
mnist,False,False,42,0.1,top-left,0,0.3,0,0.009648885211470769,adam,16,static,10,0,0,0,1,4,False,0.9374833333333333,0.9881,0.4726
mnist,False,False,42,0.1,top-left,0,0.3,0,0.008412878367919863,adam,16,static,10,0,0,0,1,5,False,0.9437333333333333,0.9863,0.512
mnist,False,False,42,0.1,top-left,0,0.3,0,0.006593670070471611,adam,16,static,10,0,0,0,1,6,False,0.9572666666666667,0.9755,0.7026
mnist,False,False,42,0.1,top-left,0,0.3,0,0.003982543156196576,adam,16,static,10,0,0,0,1,7,False,0.9799333333333333,0.9722,0.9482
mnist,False,False,42,0.1,top-left,0,0.3,0,0.0035786087801017857,adam,16,static,10,0,0,0,1,8,False,0.9830666666666666,0.9747,0.9775
