dataset,least,most_polarity,seed,epsilon,pos,polarity,trigger_size,trigger_label,loss,optimizer,batch_size,type,epochs,start,end,strobe_gap,strobe_on_duration,trigger_length,random,train_acc,test_acc_clean,test_acc_backdoor
cifar10,False,False,57,0.1,top-left,0,0.2,0,0.04748205739590857,adam,16,static,10,15,0,0,1,1,False,0.6764444444444444,0.623,0.12
cifar10,False,False,57,0.1,top-left,0,0.2,0,0.0484199015531275,adam,16,static,10,14,0,0,1,2,False,0.6714444444444444,0.607,0.115
cifar10,False,False,57,0.1,top-left,0,0.2,0,0.04800491765803761,adam,16,static,10,13,0,0,1,3,False,0.6697777777777778,0.621,0.13
cifar10,False,False,57,0.1,top-left,0,0.2,0,0.04695309610499276,adam,16,static,10,12,0,0,1,4,False,0.6777777777777778,0.628,0.197
cifar10,False,False,57,0.1,top-left,0,0.2,0,0.045499707185559804,adam,16,static,10,11,0,0,1,5,False,0.6921111111111111,0.617,0.382
cifar10,False,False,57,0.1,top-left,0,0.2,0,0.043686834534009296,adam,16,static,10,10,0,0,1,6,False,0.7093333333333334,0.625,0.526
cifar10,False,False,57,0.1,top-left,0,0.2,0,0.042401351620753605,adam,16,static,10,9,0,0,1,7,False,0.7231111111111111,0.622,0.684
cifar10,False,False,57,0.1,top-left,0,0.2,0,0.0423244176523553,adam,16,static,10,8,0,0,1,8,False,0.7326666666666667,0.617,0.811
