dataset,least,most_polarity,seed,epsilon,pos,polarity,trigger_size,trigger_label,loss,optimizer,batch_size,type,epochs,start,end,strobe_gap,strobe_on_duration,trigger_length,random,train_acc,test_acc_clean,test_acc_backdoor
gesture,False,False,57,0.1,top-left,0,0.1,0,0.012388888426555866,adam,16,static,40,7,0,1,1,1,False,0.9268707482993197,0.8993055555555556,0.10069444444444445
gesture,False,False,57,0.1,top-left,0,0.1,0,0.013104194840162892,adam,16,static,40,6,0,1,1,3,False,0.9251700680272109,0.8958333333333334,0.10069444444444445
gesture,False,False,57,0.1,top-left,0,0.1,0,0.012737694063356944,adam,16,static,40,5,0,1,1,5,False,0.9285714285714286,0.8993055555555556,0.10416666666666667
gesture,False,False,57,0.1,top-left,0,0.1,0,0.011849610803357395,adam,16,static,40,4,0,1,1,7,False,0.9379251700680272,0.9097222222222222,0.1111111111111111
gesture,False,False,57,0.1,top-left,0,0.1,0,0.013406774988968154,adam,16,static,40,3,0,1,1,9,False,0.9226190476190477,0.8854166666666666,0.10416666666666667
gesture,False,False,57,0.1,top-left,0,0.1,0,0.012104930476519931,adam,16,static,40,2,0,1,1,11,False,0.9311224489795918,0.8958333333333334,0.11805555555555555
