dataset,least,most_polarity,seed,epsilon,pos,polarity,trigger_size,trigger_label,loss,optimizer,batch_size,type,epochs,start,end,strobe_gap,strobe_on_duration,trigger_length,random,train_acc,test_acc_clean,test_acc_backdoor
gesture,False,False,57,0.1,top-left,0,0.3,0,0.012816894024952638,adam,16,static,40,7,0,1,1,1,False,0.9285714285714286,0.8993055555555556,0.09722222222222222
gesture,False,False,57,0.1,top-left,0,0.3,0,0.012601633575193736,adam,16,static,40,6,0,1,1,3,False,0.9268707482993197,0.8923611111111112,0.10069444444444445
gesture,False,False,57,0.1,top-left,0,0.3,0,0.012604320995180177,adam,16,static,40,5,0,1,1,5,False,0.9345238095238095,0.90625,0.09722222222222222
gesture,False,False,57,0.1,top-left,0,0.3,0,0.013755571721185024,adam,16,static,40,4,0,1,1,7,False,0.9158163265306123,0.8993055555555556,0.10069444444444445
gesture,False,False,57,0.1,top-left,0,0.3,0,0.012270399500761612,adam,16,static,40,3,0,1,1,9,False,0.9362244897959183,0.9027777777777778,0.10416666666666667
gesture,False,False,57,0.1,top-left,0,0.3,0,0.013127388866605605,adam,16,static,40,2,0,1,1,11,False,0.9260204081632653,0.9097222222222222,0.10069444444444445
