dataset,least,most_polarity,seed,epsilon,pos,polarity,trigger_size,trigger_label,loss,optimizer,batch_size,type,epochs,start,end,strobe_gap,strobe_on_duration,trigger_length,random,train_acc,test_acc_clean,test_acc_backdoor
gesture,False,False,57,0.1,top-left,0,0.3,0,0.012530357133419741,adam,16,static,40,0,0,1,1,1,False,0.9319727891156463,0.90625,0.1111111111111111
gesture,False,False,57,0.1,top-left,0,0.3,0,0.013107027107735678,adam,16,static,40,0,0,1,1,3,False,0.9268707482993197,0.8923611111111112,0.10416666666666667
gesture,False,False,57,0.1,top-left,0,0.3,0,0.012981387832499787,adam,16,static,40,0,0,1,1,5,False,0.9260204081632653,0.8993055555555556,0.10416666666666667
gesture,False,False,57,0.1,top-left,0,0.3,0,0.013177624146523728,adam,16,static,40,0,0,1,1,7,False,0.923469387755102,0.9097222222222222,0.10069444444444445
gesture,False,False,57,0.1,top-left,0,0.3,0,0.012132306874660001,adam,16,static,40,0,0,1,1,9,False,0.9311224489795918,0.8958333333333334,0.10416666666666667
gesture,False,False,57,0.1,top-left,0,0.3,0,0.012038123182521588,adam,16,static,40,0,0,1,1,11,False,0.9336734693877551,0.8958333333333334,0.1076388888888889
