dataset,least,most_polarity,seed,epsilon,pos,polarity,trigger_size,trigger_label,loss,optimizer,batch_size,type,epochs,start,end,strobe_gap,strobe_on_duration,trigger_length,random,train_acc,test_acc_clean,test_acc_backdoor
gesture,False,False,57,0.1,top-left,0,0.2,0,0.01333140108899093,adam,16,static,40,7,0,1,1,1,False,0.923469387755102,0.9097222222222222,0.09722222222222222
gesture,False,False,57,0.1,top-left,0,0.2,0,0.012899584824308044,adam,16,static,40,6,0,1,1,3,False,0.9294217687074829,0.90625,0.10069444444444445
gesture,False,False,57,0.1,top-left,0,0.2,0,0.011671809506520223,adam,16,static,40,5,0,1,1,5,False,0.9362244897959183,0.9166666666666666,0.10069444444444445
gesture,False,False,57,0.1,top-left,0,0.2,0,0.012759097305373574,adam,16,static,40,4,0,1,1,7,False,0.9277210884353742,0.8819444444444444,0.10416666666666667
gesture,False,False,57,0.1,top-left,0,0.2,0,0.012592909669148781,adam,16,static,40,3,0,1,1,9,False,0.9277210884353742,0.8923611111111112,0.10069444444444445
gesture,False,False,57,0.1,top-left,0,0.2,0,0.01233189813412574,adam,16,static,40,2,0,1,1,11,False,0.9336734693877551,0.8958333333333334,0.10416666666666667
