dataset,least,most_polarity,seed,epsilon,pos,polarity,trigger_size,trigger_label,loss,optimizer,batch_size,type,epochs,start,end,strobe_gap,strobe_on_duration,trigger_length,random,train_acc,test_acc_clean,test_acc_backdoor
gesture,False,False,57,0.1,top-left,0,0.1,0,0.012800530406969542,adam,16,static,40,15,0,1,1,1,False,0.9285714285714286,0.9097222222222222,0.10069444444444445
gesture,False,False,57,0.1,top-left,0,0.1,0,0.013483749464990534,adam,16,static,40,13,0,1,1,3,False,0.923469387755102,0.9131944444444444,0.09375
gesture,False,False,57,0.1,top-left,0,0.1,0,0.012249298026265742,adam,16,static,40,11,0,1,1,5,False,0.9328231292517006,0.90625,0.09722222222222222
gesture,False,False,57,0.1,top-left,0,0.1,0,0.01201268550496371,adam,16,static,40,9,0,1,1,7,False,0.9277210884353742,0.9027777777777778,0.10069444444444445
gesture,False,False,57,0.1,top-left,0,0.1,0,0.01314431417505352,adam,16,static,40,7,0,1,1,9,False,0.923469387755102,0.8993055555555556,0.10069444444444445
gesture,False,False,57,0.1,top-left,0,0.1,0,0.012309685366887117,adam,16,static,40,5,0,1,1,11,False,0.9328231292517006,0.8888888888888888,0.1111111111111111
