dataset,least,most_polarity,seed,epsilon,pos,polarity,trigger_size,trigger_label,loss,optimizer,batch_size,type,epochs,start,end,strobe_gap,strobe_on_duration,trigger_length,random,train_acc,test_acc_clean,test_acc_backdoor
gesture,False,False,57,0.1,top-left,0,0.3,0,0.012770215936359904,adam,16,static,40,15,0,1,1,1,False,0.9251700680272109,0.9131944444444444,0.10416666666666667
gesture,False,False,57,0.1,top-left,0,0.3,0,0.013153729488325565,adam,16,static,40,13,0,1,1,3,False,0.9302721088435374,0.8958333333333334,0.10416666666666667
gesture,False,False,57,0.1,top-left,0,0.3,0,0.012803187745870376,adam,16,static,40,11,0,1,1,5,False,0.9285714285714286,0.8784722222222222,0.1111111111111111
gesture,False,False,57,0.1,top-left,0,0.3,0,0.0129931040589704,adam,16,static,40,9,0,1,1,7,False,0.9277210884353742,0.8958333333333334,0.11458333333333333
gesture,False,False,57,0.1,top-left,0,0.3,0,0.012346129791595701,adam,16,static,40,7,0,1,1,9,False,0.9285714285714286,0.8958333333333334,0.10416666666666667
gesture,False,False,57,0.1,top-left,0,0.3,0,0.012488386665033747,adam,16,static,40,5,0,1,1,11,False,0.9302721088435374,0.9201388888888888,0.1076388888888889
