dataset,least,most_polarity,seed,epsilon,pos,polarity,trigger_size,trigger_label,loss,optimizer,batch_size,type,epochs,start,end,strobe_gap,strobe_on_duration,trigger_length,random,train_acc,test_acc_clean,test_acc_backdoor
gesture,False,False,57,0.1,top-left,0,0.2,0,0.013102247123131338,adam,16,static,40,15,0,1,1,1,False,0.9243197278911565,0.90625,0.10416666666666667
gesture,False,False,57,0.1,top-left,0,0.2,0,0.012451492297482126,adam,16,static,40,13,0,1,1,3,False,0.9345238095238095,0.8888888888888888,0.1076388888888889
gesture,False,False,57,0.1,top-left,0,0.2,0,0.012521189251014975,adam,16,static,40,11,0,1,1,5,False,0.9285714285714286,0.9027777777777778,0.10069444444444445
gesture,False,False,57,0.1,top-left,0,0.2,0,0.012585623300678674,adam,16,static,40,9,0,1,1,7,False,0.9345238095238095,0.9027777777777778,0.10069444444444445
gesture,False,False,57,0.1,top-left,0,0.2,0,0.012488015230466314,adam,16,static,40,7,0,1,1,9,False,0.9345238095238095,0.9097222222222222,0.10069444444444445
gesture,False,False,57,0.1,top-left,0,0.2,0,0.013441314505805978,adam,16,static,40,5,0,1,1,11,False,0.9268707482993197,0.8854166666666666,0.09722222222222222
