dataset,least,most_polarity,seed,epsilon,pos,polarity,trigger_size,trigger_label,loss,optimizer,batch_size,type,epochs,start,end,strobe_gap,strobe_on_duration,trigger_length,random,train_acc,test_acc_clean,test_acc_backdoor
gesture,False,False,57,0.1,top-left,0,0.1,0,0.01247679725365371,adam,16,static,40,0,0,1,1,1,False,0.9319727891156463,0.9027777777777778,0.10069444444444445
gesture,False,False,57,0.1,top-left,0,0.1,0,0.012960573084981872,adam,16,static,40,0,0,1,1,3,False,0.9285714285714286,0.8958333333333334,0.1111111111111111
gesture,False,False,57,0.1,top-left,0,0.1,0,0.013066107410380022,adam,16,static,40,0,0,1,1,5,False,0.9277210884353742,0.9097222222222222,0.09722222222222222
gesture,False,False,57,0.1,top-left,0,0.1,0,0.013106390203469667,adam,16,static,40,0,0,1,1,7,False,0.9302721088435374,0.9131944444444444,0.10069444444444445
gesture,False,False,57,0.1,top-left,0,0.1,0,0.012860576562000578,adam,16,static,40,0,0,1,1,9,False,0.9277210884353742,0.8888888888888888,0.10069444444444445
gesture,False,False,57,0.1,top-left,0,0.1,0,0.012749694069201241,adam,16,static,40,0,0,1,1,11,False,0.9302721088435374,0.9027777777777778,0.10069444444444445
