dataset,least,most_polarity,seed,epsilon,pos,polarity,trigger_size,trigger_label,loss,optimizer,batch_size,type,epochs,start,end,strobe_gap,strobe_on_duration,trigger_length,random,train_acc,test_acc_clean,test_acc_backdoor
gesture,False,False,42,0.1,top-left,3,0.1,0,0.01352944946055915,adam,16,flash,40,0,0,1,1,1,False,0.9243197278911565,0.8958333333333334,0.125
gesture,False,False,42,0.1,top-left,3,0.1,0,0.012611347820837887,adam,16,flash,40,0,0,1,1,3,False,0.9268707482993197,0.8888888888888888,0.14930555555555555
gesture,False,False,42,0.1,top-left,3,0.1,0,0.007702411944363393,adam,16,flash,40,0,0,1,1,5,False,0.9863945578231292,0.8993055555555556,0.96875
gesture,False,False,42,0.1,top-left,3,0.1,0,0.006385529225337363,adam,16,flash,40,0,0,1,1,7,False,0.9906462585034014,0.9166666666666666,0.9965277777777778
gesture,False,False,42,0.1,top-left,3,0.1,0,0.00571898744143799,adam,16,flash,40,0,0,1,1,9,False,0.9906462585034014,0.9027777777777778,1.0
gesture,False,False,42,0.1,top-left,3,0.1,0,0.00465175626976859,adam,16,flash,40,0,0,1,1,11,False,0.9914965986394558,0.9131944444444444,1.0
