dataset,least,most_polarity,seed,epsilon,pos,polarity,trigger_size,trigger_label,loss,optimizer,batch_size,type,epochs,start,end,strobe_gap,strobe_on_duration,trigger_length,random,train_acc,test_acc_clean,test_acc_backdoor
gesture,False,False,42,0.1,top-left,3,0.1,0,0.01397429259025118,adam,16,flash,40,15,0,1,1,1,False,0.9217687074829932,0.875,0.10416666666666667
gesture,False,False,42,0.1,top-left,3,0.1,0,0.014306523073718052,adam,16,flash,40,13,0,1,1,3,False,0.9166666666666666,0.8958333333333334,0.1111111111111111
gesture,False,False,42,0.1,top-left,3,0.1,0,0.0139974807610824,adam,16,flash,40,11,0,1,1,5,False,0.9175170068027211,0.9097222222222222,0.1076388888888889
gesture,False,False,42,0.1,top-left,3,0.1,0,0.00930297200815106,adam,16,flash,40,9,0,1,1,7,False,0.9455782312925171,0.8993055555555556,0.2534722222222222
gesture,False,False,42,0.1,top-left,3,0.1,0,0.006289563949542994,adam,16,flash,40,7,0,1,1,9,False,0.9957482993197279,0.8993055555555556,0.9895833333333334
gesture,False,False,42,0.1,top-left,3,0.1,0,0.005378180997585561,adam,16,flash,40,5,0,1,1,11,False,0.9948979591836735,0.9201388888888888,1.0
