dataset,least,most_polarity,seed,epsilon,pos,polarity,trigger_size,trigger_label,loss,optimizer,batch_size,type,epochs,start,end,strobe_gap,strobe_on_duration,trigger_length,random,train_acc,test_acc_clean,test_acc_backdoor
gesture,False,False,42,0.1,top-left,3,0.1,0,0.01370046560519508,adam,16,flash,40,7,0,1,1,1,False,0.9200680272108843,0.8784722222222222,0.125
gesture,False,False,42,0.1,top-left,3,0.1,0,0.010369049727308507,adam,16,flash,40,6,0,1,1,3,False,0.9438775510204082,0.9131944444444444,0.24305555555555555
gesture,False,False,42,0.1,top-left,3,0.1,0,0.008150764148631673,adam,16,flash,40,5,0,1,1,5,False,0.9778911564625851,0.8958333333333334,0.71875
gesture,False,False,42,0.1,top-left,3,0.1,0,0.005523813948618108,adam,16,flash,40,4,0,1,1,7,False,0.9897959183673469,0.9270833333333334,1.0
gesture,False,False,42,0.1,top-left,3,0.1,0,0.004341850144357807,adam,16,flash,40,3,0,1,1,9,False,0.9948979591836735,0.9131944444444444,1.0
gesture,False,False,42,0.1,top-left,3,0.1,0,0.004324275626465171,adam,16,flash,40,2,0,1,1,11,False,0.9923469387755102,0.8958333333333334,1.0
