dataset,least,most_polarity,seed,epsilon,pos,polarity,trigger_size,trigger_label,loss,optimizer,batch_size,type,epochs,start,end,strobe_gap,strobe_on_duration,trigger_length,random,train_acc,test_acc_clean,test_acc_backdoor
gesture,False,False,42,0.1,top-left,3,0.2,0,0.014476099171910155,adam,16,static,40,0,0,0,1,1,False,0.9175170068027211,0.8958333333333334,0.1111111111111111
gesture,False,False,42,0.1,top-left,3,0.2,0,0.014057955882024197,adam,16,static,40,0,0,0,1,2,False,0.923469387755102,0.8888888888888888,0.125
gesture,False,False,42,0.1,top-left,3,0.2,0,0.014253147386749383,adam,16,static,40,0,0,0,1,3,False,0.9141156462585034,0.90625,0.09722222222222222
gesture,False,False,42,0.1,top-left,3,0.2,0,0.014299046628329218,adam,16,static,40,0,0,0,1,4,False,0.9183673469387755,0.8888888888888888,0.1111111111111111
gesture,False,False,42,0.1,top-left,3,0.2,0,0.014141821023710326,adam,16,static,40,0,0,0,1,5,False,0.91921768707483,0.8680555555555556,0.12152777777777778
gesture,False,False,42,0.1,top-left,3,0.2,0,0.015010795625699621,adam,16,static,40,0,0,0,1,6,False,0.9200680272108843,0.9027777777777778,0.11458333333333333
gesture,False,False,42,0.1,top-left,3,0.2,0,0.014447542062650124,adam,16,static,40,0,0,0,1,7,False,0.9175170068027211,0.8854166666666666,0.125
gesture,False,False,42,0.1,top-left,3,0.2,0,0.01292315929127084,adam,16,static,40,0,0,0,1,8,False,0.9251700680272109,0.9027777777777778,0.15625
