dataset,least,most_polarity,seed,epsilon,pos,polarity,trigger_size,trigger_label,loss,optimizer,batch_size,type,epochs,start,end,strobe_gap,strobe_on_duration,trigger_length,random,train_acc,test_acc_clean,test_acc_backdoor
gesture,False,False,42,0.1,top-left,3,0.2,0,0.015262213947416163,adam,16,static,40,7,0,0,1,1,False,0.9158163265306123,0.8993055555555556,0.11458333333333333
gesture,False,False,42,0.1,top-left,3,0.2,0,0.01375344293635516,adam,16,static,40,7,0,0,1,2,False,0.923469387755102,0.9097222222222222,0.1111111111111111
gesture,False,False,42,0.1,top-left,3,0.2,0,0.013932793211115867,adam,16,static,40,6,0,0,1,3,False,0.923469387755102,0.8888888888888888,0.1076388888888889
gesture,False,False,42,0.1,top-left,3,0.2,0,0.014315150503930793,adam,16,static,40,6,0,0,1,4,False,0.9183673469387755,0.90625,0.10416666666666667
gesture,False,False,42,0.1,top-left,3,0.2,0,0.014072329376120957,adam,16,static,40,5,0,0,1,5,False,0.91921768707483,0.8819444444444444,0.13194444444444445
gesture,False,False,42,0.1,top-left,3,0.2,0,0.013809454719200224,adam,16,static,40,5,0,0,1,6,False,0.9209183673469388,0.8888888888888888,0.11458333333333333
gesture,False,False,42,0.1,top-left,3,0.2,0,0.011583695536618735,adam,16,static,40,4,0,0,1,7,False,0.9387755102040817,0.90625,0.28125
gesture,False,False,42,0.1,top-left,3,0.2,0,0.007674292924174038,adam,16,static,40,4,0,0,1,8,False,0.9821428571428571,0.9027777777777778,0.9409722222222222
