dataset,least,most_polarity,seed,epsilon,pos,polarity,trigger_size,trigger_label,loss,optimizer,batch_size,type,epochs,start,end,strobe_gap,strobe_on_duration,trigger_length,random,train_acc,test_acc_clean,test_acc_backdoor
gesture,False,False,42,0.1,top-left,3,0.3,0,0.01452446806554993,adam,16,static,40,15,0,0,1,1,False,0.91921768707483,0.8923611111111112,0.10069444444444445
gesture,False,False,42,0.1,top-left,3,0.3,0,0.013330664425505465,adam,16,static,40,14,0,0,1,2,False,0.9209183673469388,0.8854166666666666,0.1284722222222222
gesture,False,False,42,0.1,top-left,3,0.3,0,0.014243167533608927,adam,16,static,40,13,0,0,1,3,False,0.9226190476190477,0.8715277777777778,0.12152777777777778
gesture,False,False,42,0.1,top-left,3,0.3,0,0.014743983349604469,adam,16,static,40,12,0,0,1,4,False,0.9183673469387755,0.8888888888888888,0.125
gesture,False,False,42,0.1,top-left,3,0.3,0,0.014302407419879218,adam,16,static,40,11,0,0,1,5,False,0.9183673469387755,0.875,0.13541666666666666
gesture,False,False,42,0.1,top-left,3,0.3,0,0.014303708886157493,adam,16,static,40,10,0,0,1,6,False,0.9141156462585034,0.8888888888888888,0.1388888888888889
gesture,False,False,42,0.1,top-left,3,0.3,0,0.015162410534487492,adam,16,static,40,9,0,0,1,7,False,0.9149659863945578,0.9027777777777778,0.1111111111111111
gesture,False,False,42,0.1,top-left,3,0.3,0,0.008510678997073246,adam,16,static,40,8,0,0,1,8,False,0.9736394557823129,0.90625,0.6458333333333334
