dataset,least,most_polarity,seed,epsilon,pos,polarity,trigger_size,trigger_label,loss,optimizer,batch_size,type,epochs,start,end,strobe_gap,strobe_on_duration,trigger_length,random,train_acc,test_acc_clean,test_acc_backdoor
gesture,False,False,42,0.1,top-left,3,0.3,0,0.01415012539586141,adam,16,static,40,0,0,0,1,1,False,0.9268707482993197,0.8993055555555556,0.11458333333333333
gesture,False,False,42,0.1,top-left,3,0.3,0,0.013959411693242739,adam,16,static,40,0,0,0,1,2,False,0.9243197278911565,0.8993055555555556,0.11805555555555555
gesture,False,False,42,0.1,top-left,3,0.3,0,0.0140569652620779,adam,16,static,40,0,0,0,1,3,False,0.9217687074829932,0.8888888888888888,0.11458333333333333
gesture,False,False,42,0.1,top-left,3,0.3,0,0.01418891900732201,adam,16,static,40,0,0,0,1,4,False,0.9226190476190477,0.8819444444444444,0.1111111111111111
gesture,False,False,42,0.1,top-left,3,0.3,0,0.014971237895744187,adam,16,static,40,0,0,0,1,5,False,0.9175170068027211,0.9097222222222222,0.1111111111111111
gesture,False,False,42,0.1,top-left,3,0.3,0,0.007411276158198816,adam,16,static,40,0,0,0,1,6,False,0.9821428571428571,0.8923611111111112,0.8298611111111112
gesture,False,False,42,0.1,top-left,3,0.3,0,0.005401000757479952,adam,16,static,40,0,0,0,1,7,False,0.9931972789115646,0.9027777777777778,0.9791666666666666
gesture,False,False,42,0.1,top-left,3,0.3,0,0.012597499573666628,adam,16,static,40,0,0,0,1,8,False,0.9302721088435374,0.8888888888888888,0.3020833333333333
