dataset,least,most_polarity,seed,epsilon,pos,polarity,trigger_size,trigger_label,loss,optimizer,batch_size,type,epochs,start,end,strobe_gap,strobe_on_duration,trigger_length,random,train_acc,test_acc_clean,test_acc_backdoor
gesture,False,False,42,0.1,top-left,3,0.1,0,0.014683831606668477,adam,16,static,40,15,0,0,1,1,False,0.9175170068027211,0.8784722222222222,0.11458333333333333
gesture,False,False,42,0.1,top-left,3,0.1,0,0.015221810415007022,adam,16,static,40,14,0,0,1,2,False,0.9158163265306123,0.8958333333333334,0.1111111111111111
gesture,False,False,42,0.1,top-left,3,0.1,0,0.01488233268336982,adam,16,static,40,13,0,0,1,3,False,0.9175170068027211,0.8923611111111112,0.10069444444444445
gesture,False,False,42,0.1,top-left,3,0.1,0,0.014337426507655454,adam,16,static,40,12,0,0,1,4,False,0.9209183673469388,0.8958333333333334,0.1111111111111111
gesture,False,False,42,0.1,top-left,3,0.1,0,0.014938269234990992,adam,16,static,40,11,0,0,1,5,False,0.9158163265306123,0.8993055555555556,0.10416666666666667
gesture,False,False,42,0.1,top-left,3,0.1,0,0.013818712968404602,adam,16,static,40,10,0,0,1,6,False,0.91921768707483,0.8888888888888888,0.11805555555555555
gesture,False,False,42,0.1,top-left,3,0.1,0,0.01432423965314872,adam,16,static,40,9,0,0,1,7,False,0.9209183673469388,0.90625,0.125
gesture,False,False,42,0.1,top-left,3,0.1,0,0.013884375793669296,adam,16,static,40,8,0,0,1,8,False,0.923469387755102,0.8993055555555556,0.11805555555555555
