dataset,least,most_polarity,seed,epsilon,pos,polarity,trigger_size,trigger_label,loss,optimizer,batch_size,type,epochs,start,end,strobe_gap,strobe_on_duration,trigger_length,random,train_acc,test_acc_clean,test_acc_backdoor
gesture,False,False,42,0.1,top-left,3,0.1,0,0.014662699830927411,adam,16,static,40,7,0,0,1,1,False,0.9226190476190477,0.8888888888888888,0.11458333333333333
gesture,False,False,42,0.1,top-left,3,0.1,0,0.014469389300033147,adam,16,static,40,7,0,0,1,2,False,0.9209183673469388,0.8923611111111112,0.10069444444444445
gesture,False,False,42,0.1,top-left,3,0.1,0,0.014440167825162208,adam,16,static,40,6,0,0,1,3,False,0.9243197278911565,0.8993055555555556,0.125
gesture,False,False,42,0.1,top-left,3,0.1,0,0.014061742490727683,adam,16,static,40,6,0,0,1,4,False,0.9200680272108843,0.90625,0.11458333333333333
gesture,False,False,42,0.1,top-left,3,0.1,0,0.013693565626305585,adam,16,static,40,5,0,0,1,5,False,0.923469387755102,0.8923611111111112,0.11458333333333333
gesture,False,False,42,0.1,top-left,3,0.1,0,0.01446967005894399,adam,16,static,40,5,0,0,1,6,False,0.9166666666666666,0.9027777777777778,0.09722222222222222
gesture,False,False,42,0.1,top-left,3,0.1,0,0.014553804409873932,adam,16,static,40,4,0,0,1,7,False,0.9200680272108843,0.8854166666666666,0.1111111111111111
gesture,False,False,42,0.1,top-left,3,0.1,0,0.014072746051107945,adam,16,static,40,4,0,0,1,8,False,0.9149659863945578,0.9027777777777778,0.12152777777777778
