dataset,least,most_polarity,seed,epsilon,pos,polarity,trigger_size,trigger_label,loss,optimizer,batch_size,type,epochs,start,end,strobe_gap,strobe_on_duration,trigger_length,random,train_acc,test_acc_clean,test_acc_backdoor
gesture,False,False,57,0.1,top-left,3,0.1,0,0.011760155999792271,adam,16,flash,40,0,0,0,1,1,False,0.9294217687074829,0.8958333333333334,0.10416666666666667
gesture,False,False,57,0.1,top-left,3,0.1,0,0.010700015100922918,adam,16,flash,40,0,0,0,1,2,False,0.9319727891156463,0.9131944444444444,0.1076388888888889
gesture,False,False,57,0.1,top-left,3,0.1,0,0.00706114806551613,adam,16,flash,40,0,0,0,1,3,False,0.9914965986394558,0.90625,0.9131944444444444
gesture,False,False,57,0.1,top-left,3,0.1,0,0.006396677750511235,adam,16,flash,40,0,0,0,1,4,False,0.9880952380952381,0.90625,0.9930555555555556
gesture,False,False,57,0.1,top-left,3,0.1,0,0.00540906626439723,adam,16,flash,40,0,0,0,1,5,False,0.9914965986394558,0.9166666666666666,0.9965277777777778
gesture,False,False,57,0.1,top-left,3,0.1,0,0.005637712939800758,adam,16,flash,40,0,0,0,1,6,False,0.9923469387755102,0.9131944444444444,1.0
gesture,False,False,57,0.1,top-left,3,0.1,0,0.0043989762697102764,adam,16,flash,40,0,0,0,1,7,False,0.9948979591836735,0.9131944444444444,1.0
gesture,False,False,57,0.1,top-left,3,0.1,0,0.0043259122302806395,adam,16,flash,40,0,0,0,1,8,False,0.9906462585034014,0.9097222222222222,1.0
