dataset,least,most_polarity,seed,epsilon,pos,polarity,trigger_size,trigger_label,loss,optimizer,batch_size,type,epochs,start,end,strobe_gap,strobe_on_duration,trigger_length,random,train_acc,test_acc_clean,test_acc_backdoor
gesture,False,False,57,0.1,top-left,3,0.1,0,0.012550679618353341,adam,16,flash,40,15,0,0,1,1,False,0.9294217687074829,0.8993055555555556,0.1076388888888889
gesture,False,False,57,0.1,top-left,3,0.1,0,0.013399917542060115,adam,16,flash,40,14,0,0,1,2,False,0.9175170068027211,0.8993055555555556,0.10069444444444445
gesture,False,False,57,0.1,top-left,3,0.1,0,0.010661194177002323,adam,16,flash,40,13,0,0,1,3,False,0.9370748299319728,0.9270833333333334,0.11805555555555555
gesture,False,False,57,0.1,top-left,3,0.1,0,0.009948985940985838,adam,16,flash,40,12,0,0,1,4,False,0.9319727891156463,0.9131944444444444,0.13194444444444445
gesture,False,False,57,0.1,top-left,3,0.1,0,0.008537493715835672,adam,16,flash,40,11,0,0,1,5,False,0.9438775510204082,0.9270833333333334,0.17708333333333334
gesture,False,False,57,0.1,top-left,3,0.1,0,0.008325567122922616,adam,16,flash,40,10,0,0,1,6,False,0.9498299319727891,0.9201388888888888,0.3263888888888889
gesture,False,False,57,0.1,top-left,3,0.1,0,0.00688443370131763,adam,16,flash,40,9,0,0,1,7,False,0.9617346938775511,0.9305555555555556,0.40625
gesture,False,False,57,0.1,top-left,3,0.1,0,0.006203847552402591,adam,16,flash,40,8,0,0,1,8,False,0.9889455782312925,0.9097222222222222,0.875
