dataset,least,most_polarity,seed,epsilon,pos,polarity,trigger_size,trigger_label,loss,optimizer,batch_size,type,epochs,start,end,strobe_gap,strobe_on_duration,trigger_length,random,train_acc,test_acc_clean,test_acc_backdoor
gesture,False,False,57,0.1,top-left,3,0.1,0,0.012580483508784147,adam,16,flash,40,7,0,0,1,1,False,0.9319727891156463,0.9097222222222222,0.1111111111111111
gesture,False,False,57,0.1,top-left,3,0.1,0,0.010416377038017016,adam,16,flash,40,7,0,0,1,2,False,0.9489795918367347,0.9236111111111112,0.18055555555555555
gesture,False,False,57,0.1,top-left,3,0.1,0,0.0079177992329711,adam,16,flash,40,6,0,0,1,3,False,0.9668367346938775,0.9270833333333334,0.4895833333333333
gesture,False,False,57,0.1,top-left,3,0.1,0,0.006065295777936169,adam,16,flash,40,6,0,0,1,4,False,0.9931972789115646,0.9201388888888888,0.9722222222222222
gesture,False,False,57,0.1,top-left,3,0.1,0,0.006139963193714213,adam,16,flash,40,5,0,0,1,5,False,0.9897959183673469,0.9166666666666666,1.0
gesture,False,False,57,0.1,top-left,3,0.1,0,0.005072303276293638,adam,16,flash,40,5,0,0,1,6,False,0.9914965986394558,0.9201388888888888,1.0
gesture,False,False,57,0.1,top-left,3,0.1,0,0.004127857935785943,adam,16,flash,40,4,0,0,1,7,False,0.9965986394557823,0.9236111111111112,1.0
gesture,False,False,57,0.1,top-left,3,0.1,0,0.003919941309814145,adam,16,flash,40,4,0,0,1,8,False,0.9974489795918368,0.9236111111111112,1.0
