dataset,least,most_polarity,seed,epsilon,pos,polarity,trigger_size,trigger_label,loss,optimizer,batch_size,type,epochs,start,end,strobe_gap,strobe_on_duration,trigger_length,random,train_acc,test_acc_clean,test_acc_backdoor
cifar10,False,False,42,0.1,top-left,2,0.1,0,0.04705401222904523,adam,16,static,10,15,0,0,1,1,False,0.6826666666666666,0.615,0.111
cifar10,False,False,42,0.1,top-left,2,0.1,0,0.04729483259386486,adam,16,static,10,14,0,0,1,2,False,0.6798888888888889,0.626,0.119
cifar10,False,False,42,0.1,top-left,2,0.1,0,0.04494524885548486,adam,16,static,10,13,0,0,1,3,False,0.6917777777777778,0.605,0.241
cifar10,False,False,42,0.1,top-left,2,0.1,0,0.04265381418002976,adam,16,static,10,12,0,0,1,4,False,0.7148888888888889,0.625,0.362
cifar10,False,False,42,0.1,top-left,2,0.1,0,0.0421574736767345,adam,16,static,10,11,0,0,1,5,False,0.7255555555555555,0.638,0.477
cifar10,False,False,42,0.1,top-left,2,0.1,0,0.03938104224205017,adam,16,static,10,10,0,0,1,6,False,0.7515555555555555,0.642,0.654
cifar10,False,False,42,0.1,top-left,2,0.1,0,0.03835651179816988,adam,16,static,10,9,0,0,1,7,False,0.7674444444444445,0.635,0.827
cifar10,False,False,42,0.1,top-left,2,0.1,0,0.038419279222687085,adam,16,static,10,8,0,0,1,8,False,0.7672222222222222,0.634,0.962
