dataset,least,most_polarity,seed,epsilon,pos,polarity,trigger_size,trigger_label,loss,optimizer,batch_size,type,epochs,start,end,strobe_gap,strobe_on_duration,trigger_length,random,train_acc,test_acc_clean,test_acc_backdoor
gesture,False,False,42,0.1,top-left,3,0.2,0,0.015262213947416163,adam,16,static,40,7,0,1,1,1,False,0.9158163265306123,0.8993055555555556,0.11458333333333333
gesture,False,False,42,0.1,top-left,3,0.2,0,0.01368341946556252,adam,16,static,40,6,0,1,1,3,False,0.9243197278911565,0.8854166666666666,0.11458333333333333
gesture,False,False,42,0.1,top-left,3,0.2,0,0.013838709490437086,adam,16,static,40,5,0,1,1,5,False,0.9268707482993197,0.8958333333333334,0.10416666666666667
gesture,False,False,42,0.1,top-left,3,0.2,0,0.014885877892628413,adam,16,static,40,4,0,1,1,7,False,0.9175170068027211,0.8993055555555556,0.09722222222222222
gesture,False,False,42,0.1,top-left,3,0.2,0,0.014848998383473174,adam,16,static,40,3,0,1,1,9,False,0.9175170068027211,0.9027777777777778,0.1111111111111111
gesture,False,False,42,0.1,top-left,3,0.2,0,0.01408992213874954,adam,16,static,40,2,0,1,1,11,False,0.9209183673469388,0.8923611111111112,0.11458333333333333
