dataset,least,most_polarity,seed,epsilon,pos,polarity,trigger_size,trigger_label,loss,optimizer,batch_size,type,epochs,start,end,strobe_gap,strobe_on_duration,trigger_length,random,train_acc,test_acc_clean,test_acc_backdoor
gesture,False,False,42,0.1,top-left,3,0.1,0,0.014662699830927411,adam,16,static,40,7,0,1,1,1,False,0.9226190476190477,0.8888888888888888,0.11458333333333333
gesture,False,False,42,0.1,top-left,3,0.1,0,0.014970591919002484,adam,16,static,40,6,0,1,1,3,False,0.9132653061224489,0.8888888888888888,0.1076388888888889
gesture,False,False,42,0.1,top-left,3,0.1,0,0.014768883722143716,adam,16,static,40,5,0,1,1,5,False,0.9149659863945578,0.8923611111111112,0.10416666666666667
gesture,False,False,42,0.1,top-left,3,0.1,0,0.01409605194871523,adam,16,static,40,4,0,1,1,7,False,0.9200680272108843,0.9027777777777778,0.1111111111111111
gesture,False,False,42,0.1,top-left,3,0.1,0,0.014327494947075033,adam,16,static,40,3,0,1,1,9,False,0.9217687074829932,0.8993055555555556,0.11458333333333333
gesture,False,False,42,0.1,top-left,3,0.1,0,0.014239561915093539,adam,16,static,40,2,0,1,1,11,False,0.9209183673469388,0.90625,0.1076388888888889
