dataset,least,most_polarity,seed,epsilon,pos,polarity,trigger_size,trigger_label,loss,optimizer,batch_size,type,epochs,start,end,strobe_gap,strobe_on_duration,trigger_length,random,train_acc,test_acc_clean,test_acc_backdoor
gesture,False,False,57,0.1,top-left,1,0.1,0,0.012679510911432455,adam,16,static,40,0,0,1,1,1,False,0.9285714285714286,0.90625,0.09375
gesture,False,False,57,0.1,top-left,1,0.1,0,0.011798334016534342,adam,16,static,40,0,0,1,1,3,False,0.9336734693877551,0.9027777777777778,0.1111111111111111
gesture,False,False,57,0.1,top-left,1,0.1,0,0.012901468931057421,adam,16,static,40,0,0,1,1,5,False,0.9285714285714286,0.8819444444444444,0.09722222222222222
gesture,False,False,57,0.1,top-left,1,0.1,0,0.013334408678038388,adam,16,static,40,0,0,1,1,7,False,0.9251700680272109,0.8993055555555556,0.10416666666666667
gesture,False,False,57,0.1,top-left,1,0.1,0,0.012052795723029952,adam,16,static,40,0,0,1,1,9,False,0.9362244897959183,0.8888888888888888,0.10416666666666667
gesture,False,False,57,0.1,top-left,1,0.1,0,0.013754701884906916,adam,16,static,40,0,0,1,1,11,False,0.9243197278911565,0.8993055555555556,0.10069444444444445
