dataset,least,most_polarity,seed,epsilon,pos,polarity,trigger_size,trigger_label,loss,optimizer,batch_size,type,epochs,start,end,strobe_gap,strobe_on_duration,trigger_length,random,train_acc,test_acc_clean,test_acc_backdoor
gesture,False,False,57,0.1,top-left,1,0.3,0,0.011529854660359572,adam,16,static,40,7,0,1,1,1,False,0.935374149659864,0.8993055555555556,0.09722222222222222
gesture,False,False,57,0.1,top-left,1,0.3,0,0.010920010231511325,adam,16,static,40,6,0,1,1,3,False,0.9455782312925171,0.8958333333333334,0.1875
gesture,False,False,57,0.1,top-left,1,0.3,0,0.0057040340343148125,adam,16,static,40,5,0,1,1,5,False,0.9897959183673469,0.9131944444444444,0.9826388888888888
gesture,False,False,57,0.1,top-left,1,0.3,0,0.0061025737015036295,adam,16,static,40,4,0,1,1,7,False,0.9923469387755102,0.9097222222222222,0.9826388888888888
gesture,False,False,57,0.1,top-left,1,0.3,0,0.0033884364802732455,adam,16,static,40,3,0,1,1,9,False,0.9982993197278912,0.90625,1.0
gesture,False,False,57,0.1,top-left,1,0.3,0,0.0038405027641236883,adam,16,static,40,2,0,1,1,11,False,0.9940476190476191,0.9270833333333334,1.0
