dataset,least,most_polarity,seed,epsilon,pos,polarity,trigger_size,trigger_label,loss,optimizer,batch_size,type,epochs,start,end,strobe_gap,strobe_on_duration,trigger_length,random,train_acc,test_acc_clean,test_acc_backdoor
gesture,False,False,57,0.1,top-left,1,0.2,0,0.01184037080364061,adam,16,static,40,15,0,1,1,1,False,0.9370748299319728,0.9201388888888888,0.10416666666666667
gesture,False,False,57,0.1,top-left,1,0.2,0,0.013179937216016104,adam,16,static,40,13,0,1,1,3,False,0.9243197278911565,0.8958333333333334,0.10416666666666667
gesture,False,False,57,0.1,top-left,1,0.2,0,0.012974819763988054,adam,16,static,40,11,0,1,1,5,False,0.9294217687074829,0.9027777777777778,0.1076388888888889
gesture,False,False,57,0.1,top-left,1,0.2,0,0.012601355686276948,adam,16,static,40,9,0,1,1,7,False,0.9285714285714286,0.90625,0.10069444444444445
gesture,False,False,57,0.1,top-left,1,0.2,0,0.00875171847628797,adam,16,static,40,7,0,1,1,9,False,0.9591836734693877,0.9027777777777778,0.4027777777777778
gesture,False,False,57,0.1,top-left,1,0.2,0,0.005618984909208656,adam,16,static,40,5,0,1,1,11,False,0.9906462585034014,0.9201388888888888,0.9375
