dataset,least,most_polarity,seed,epsilon,pos,polarity,trigger_size,trigger_label,loss,optimizer,batch_size,type,epochs,start,end,strobe_gap,strobe_on_duration,trigger_length,random,train_acc,test_acc_clean,test_acc_backdoor
gesture,False,False,57,0.1,top-left,1,0.2,0,0.012414688673694016,adam,16,static,40,7,0,1,1,1,False,0.9319727891156463,0.8993055555555556,0.09722222222222222
gesture,False,False,57,0.1,top-left,1,0.2,0,0.011780880193612507,adam,16,static,40,6,0,1,1,3,False,0.939625850340136,0.9270833333333334,0.10416666666666667
gesture,False,False,57,0.1,top-left,1,0.2,0,0.0072438443288663215,adam,16,static,40,5,0,1,1,5,False,0.9863945578231292,0.8993055555555556,0.7951388888888888
gesture,False,False,57,0.1,top-left,1,0.2,0,0.004359279673698605,adam,16,static,40,4,0,1,1,7,False,0.9931972789115646,0.9166666666666666,1.0
gesture,False,False,57,0.1,top-left,1,0.2,0,0.0065764932858371206,adam,16,static,40,3,0,1,1,9,False,0.9872448979591837,0.8993055555555556,0.7048611111111112
gesture,False,False,57,0.1,top-left,1,0.2,0,0.00417179109284743,adam,16,static,40,2,0,1,1,11,False,0.9948979591836735,0.9097222222222222,0.9965277777777778
