dataset,least,most_polarity,seed,epsilon,pos,polarity,trigger_size,trigger_label,loss,optimizer,batch_size,type,epochs,start,end,strobe_gap,strobe_on_duration,trigger_length,random,train_acc,test_acc_clean,test_acc_backdoor
gesture,False,False,57,0.1,top-left,1,0.1,0,0.013198740777185781,adam,16,static,40,7,0,1,1,1,False,0.9251700680272109,0.9027777777777778,0.09722222222222222
gesture,False,False,57,0.1,top-left,1,0.1,0,0.012292880739155068,adam,16,static,40,6,0,1,1,3,False,0.9268707482993197,0.9201388888888888,0.10069444444444445
gesture,False,False,57,0.1,top-left,1,0.1,0,0.012290450082268237,adam,16,static,40,5,0,1,1,5,False,0.9319727891156463,0.8993055555555556,0.10416666666666667
gesture,False,False,57,0.1,top-left,1,0.1,0,0.012960473439801916,adam,16,static,40,4,0,1,1,7,False,0.9251700680272109,0.9027777777777778,0.1111111111111111
gesture,False,False,57,0.1,top-left,1,0.1,0,0.01267380080166824,adam,16,static,40,3,0,1,1,9,False,0.9285714285714286,0.8888888888888888,0.10416666666666667
gesture,False,False,57,0.1,top-left,1,0.1,0,0.013243410825019791,adam,16,static,40,2,0,1,1,11,False,0.9302721088435374,0.9131944444444444,0.09722222222222222
