dataset,least,most_polarity,seed,epsilon,pos,polarity,trigger_size,trigger_label,loss,optimizer,batch_size,type,epochs,start,end,strobe_gap,strobe_on_duration,trigger_length,random,train_acc,test_acc_clean,test_acc_backdoor
gesture,False,False,57,0.1,top-left,1,0.3,0,0.012472690422037224,adam,16,static,40,15,0,1,1,1,False,0.9277210884353742,0.9201388888888888,0.09375
gesture,False,False,57,0.1,top-left,1,0.3,0,0.012361391298599592,adam,16,static,40,13,0,1,1,3,False,0.935374149659864,0.875,0.1076388888888889
gesture,False,False,57,0.1,top-left,1,0.3,0,0.013353157847118722,adam,16,static,40,11,0,1,1,5,False,0.923469387755102,0.90625,0.10069444444444445
gesture,False,False,57,0.1,top-left,1,0.3,0,0.013367588861471637,adam,16,static,40,9,0,1,1,7,False,0.9251700680272109,0.8958333333333334,0.09375
gesture,False,False,57,0.1,top-left,1,0.3,0,0.006359227825285626,adam,16,static,40,7,0,1,1,9,False,0.9897959183673469,0.9166666666666666,0.9027777777777778
gesture,False,False,57,0.1,top-left,1,0.3,0,0.0051114744091799265,adam,16,static,40,5,0,1,1,11,False,0.9940476190476191,0.9097222222222222,0.9930555555555556
