dataset,least,most_polarity,seed,epsilon,pos,polarity,trigger_size,trigger_label,loss,optimizer,batch_size,type,epochs,start,end,strobe_gap,strobe_on_duration,trigger_length,random,train_acc,test_acc_clean,test_acc_backdoor
gesture,False,False,57,0.1,top-left,1,0.2,0,0.0122637048452383,adam,16,static,40,0,0,1,1,1,False,0.9336734693877551,0.8784722222222222,0.11458333333333333
gesture,False,False,57,0.1,top-left,1,0.2,0,0.013266783025508532,adam,16,static,40,0,0,1,1,3,False,0.9260204081632653,0.8854166666666666,0.09722222222222222
gesture,False,False,57,0.1,top-left,1,0.2,0,0.011951950654311448,adam,16,static,40,0,0,1,1,5,False,0.935374149659864,0.9166666666666666,0.09375
gesture,False,False,57,0.1,top-left,1,0.2,0,0.009269746448084409,adam,16,static,40,0,0,1,1,7,False,0.967687074829932,0.9166666666666666,0.40625
gesture,False,False,57,0.1,top-left,1,0.2,0,0.008644399191981473,adam,16,static,40,0,0,1,1,9,False,0.9702380952380952,0.9097222222222222,0.4131944444444444
gesture,False,False,57,0.1,top-left,1,0.2,0,0.003831540368224944,adam,16,static,40,0,0,1,1,11,False,0.9931972789115646,0.9236111111111112,1.0
