dataset,least,most_polarity,seed,epsilon,pos,polarity,trigger_size,trigger_label,loss,optimizer,batch_size,type,epochs,start,end,strobe_gap,strobe_on_duration,trigger_length,random,train_acc,test_acc_clean,test_acc_backdoor
cifar10,False,False,42,0.1,top-left,0,0.1,0,0.04584972460899088,adam,16,flash,10,15,0,0,1,1,False,0.6853333333333333,0.641,0.125
cifar10,False,False,42,0.1,top-left,0,0.1,0,0.04514789545536041,adam,16,flash,10,14,0,0,1,2,False,0.6872222222222222,0.625,0.18
cifar10,False,False,42,0.1,top-left,0,0.1,0,0.04420072283181879,adam,16,flash,10,13,0,0,1,3,False,0.6964444444444444,0.621,0.307
cifar10,False,False,42,0.1,top-left,0,0.1,0,0.04247405176361402,adam,16,flash,10,12,0,0,1,4,False,0.7163333333333334,0.62,0.429
cifar10,False,False,42,0.1,top-left,0,0.1,0,0.04194087507327398,adam,16,flash,10,11,0,0,1,5,False,0.7264444444444444,0.629,0.625
cifar10,False,False,42,0.1,top-left,0,0.1,0,0.04177376174926758,adam,16,flash,10,10,0,0,1,6,False,0.7373333333333333,0.618,0.828
cifar10,False,False,42,0.1,top-left,0,0.1,0,0.041978821042511195,adam,16,flash,10,9,0,0,1,7,False,0.7393333333333333,0.614,0.969
cifar10,False,False,42,0.1,top-left,0,0.1,0,0.040912279359168476,adam,16,flash,10,8,0,0,1,8,False,0.7416666666666667,0.607,0.998
