dataset,least,most_polarity,seed,epsilon,pos,polarity,trigger_size,trigger_label,loss,optimizer,batch_size,type,epochs,start,end,strobe_gap,strobe_on_duration,trigger_length,random,train_acc,test_acc_clean,test_acc_backdoor
gesture,False,False,57,0.1,top-left,0,0.2,0,0.013102247123131338,adam,16,static,40,15,0,0,1,1,False,0.9243197278911565,0.90625,0.10416666666666667
gesture,False,False,57,0.1,top-left,0,0.2,0,0.012520609781475497,adam,16,static,40,14,0,0,1,2,False,0.9277210884353742,0.90625,0.10069444444444445
gesture,False,False,57,0.1,top-left,0,0.2,0,0.013416365536601365,adam,16,static,40,13,0,0,1,3,False,0.923469387755102,0.8923611111111112,0.10069444444444445
gesture,False,False,57,0.1,top-left,0,0.2,0,0.01258204496928117,adam,16,static,40,12,0,0,1,4,False,0.9345238095238095,0.8993055555555556,0.10416666666666667
gesture,False,False,57,0.1,top-left,0,0.2,0,0.012304376813956873,adam,16,static,40,11,0,0,1,5,False,0.9345238095238095,0.9236111111111112,0.10416666666666667
gesture,False,False,57,0.1,top-left,0,0.2,0,0.012919892018445496,adam,16,static,40,10,0,0,1,6,False,0.9260204081632653,0.9027777777777778,0.09375
gesture,False,False,57,0.1,top-left,0,0.2,0,0.01344084013633582,adam,16,static,40,9,0,0,1,7,False,0.9226190476190477,0.8993055555555556,0.10416666666666667
gesture,False,False,57,0.1,top-left,0,0.2,0,0.012952501438938233,adam,16,static,40,8,0,0,1,8,False,0.9277210884353742,0.9305555555555556,0.1111111111111111
