dataset,least,most_polarity,seed,epsilon,pos,polarity,trigger_size,trigger_label,loss,optimizer,batch_size,type,epochs,start,end,strobe_gap,strobe_on_duration,trigger_length,random,train_acc,test_acc_clean,test_acc_backdoor
gesture,False,False,57,0.1,top-left,0,0.1,0,0.012388888426555866,adam,16,static,40,7,0,0,1,1,False,0.9268707482993197,0.8993055555555556,0.10069444444444445
gesture,False,False,57,0.1,top-left,0,0.1,0,0.012902616605568094,adam,16,static,40,7,0,0,1,2,False,0.9319727891156463,0.9131944444444444,0.10069444444444445
gesture,False,False,57,0.1,top-left,0,0.1,0,0.012540898881345785,adam,16,static,40,6,0,0,1,3,False,0.9336734693877551,0.8993055555555556,0.10416666666666667
gesture,False,False,57,0.1,top-left,0,0.1,0,0.012752417994498395,adam,16,static,40,6,0,0,1,4,False,0.9251700680272109,0.8888888888888888,0.1111111111111111
gesture,False,False,57,0.1,top-left,0,0.1,0,0.012689083255510651,adam,16,static,40,5,0,0,1,5,False,0.9251700680272109,0.8923611111111112,0.10416666666666667
gesture,False,False,57,0.1,top-left,0,0.1,0,0.01169021430799142,adam,16,static,40,5,0,0,1,6,False,0.9404761904761905,0.9097222222222222,0.10069444444444445
gesture,False,False,57,0.1,top-left,0,0.1,0,0.012449547597745648,adam,16,static,40,4,0,0,1,7,False,0.9319727891156463,0.8993055555555556,0.09375
gesture,False,False,57,0.1,top-left,0,0.1,0,0.01315608175256017,adam,16,static,40,4,0,0,1,8,False,0.923469387755102,0.8854166666666666,0.10416666666666667
