dataset,least,most_polarity,seed,epsilon,pos,polarity,trigger_size,trigger_label,loss,optimizer,batch_size,type,epochs,start,end,strobe_gap,strobe_on_duration,trigger_length,random,train_acc,test_acc_clean,test_acc_backdoor
gesture,False,False,57,0.1,top-left,0,0.3,0,0.012816894024952638,adam,16,static,40,7,0,0,1,1,False,0.9285714285714286,0.8993055555555556,0.09722222222222222
gesture,False,False,57,0.1,top-left,0,0.3,0,0.012768757288806698,adam,16,static,40,7,0,0,1,2,False,0.9285714285714286,0.9027777777777778,0.1076388888888889
gesture,False,False,57,0.1,top-left,0,0.3,0,0.012216238596406923,adam,16,static,40,6,0,0,1,3,False,0.9302721088435374,0.8680555555555556,0.11458333333333333
gesture,False,False,57,0.1,top-left,0,0.3,0,0.01312231897775616,adam,16,static,40,6,0,0,1,4,False,0.9268707482993197,0.9131944444444444,0.10416666666666667
gesture,False,False,57,0.1,top-left,0,0.3,0,0.011455917936832118,adam,16,static,40,5,0,0,1,5,False,0.9404761904761905,0.9097222222222222,0.10416666666666667
gesture,False,False,57,0.1,top-left,0,0.3,0,0.012458226333061853,adam,16,static,40,5,0,0,1,6,False,0.9302721088435374,0.9097222222222222,0.1076388888888889
gesture,False,False,57,0.1,top-left,0,0.3,0,0.011435646711069405,adam,16,static,40,4,0,0,1,7,False,0.939625850340136,0.8993055555555556,0.11458333333333333
gesture,False,False,57,0.1,top-left,0,0.3,0,0.008253007224399825,adam,16,static,40,4,0,0,1,8,False,0.9736394557823129,0.8958333333333334,0.4027777777777778
