dataset,least,most_polarity,seed,epsilon,pos,polarity,trigger_size,trigger_label,loss,optimizer,batch_size,type,epochs,start,end,strobe_gap,strobe_on_duration,trigger_length,random,train_acc,test_acc_clean,test_acc_backdoor
gesture,False,False,57,0.1,top-left,0,0.2,0,0.012747124483694836,adam,16,static,40,0,0,0,1,1,False,0.9302721088435374,0.9097222222222222,0.10416666666666667
gesture,False,False,57,0.1,top-left,0,0.2,0,0.012782397356872656,adam,16,static,40,0,0,0,1,2,False,0.9251700680272109,0.8993055555555556,0.1076388888888889
gesture,False,False,57,0.1,top-left,0,0.2,0,0.013260444629379885,adam,16,static,40,0,0,0,1,3,False,0.923469387755102,0.9097222222222222,0.09375
gesture,False,False,57,0.1,top-left,0,0.2,0,0.013321267143145304,adam,16,static,40,0,0,0,1,4,False,0.923469387755102,0.90625,0.10069444444444445
gesture,False,False,57,0.1,top-left,0,0.2,0,0.01196876694733391,adam,16,static,40,0,0,0,1,5,False,0.9345238095238095,0.9097222222222222,0.10416666666666667
gesture,False,False,57,0.1,top-left,0,0.2,0,0.012057805381601259,adam,16,static,40,0,0,0,1,6,False,0.9328231292517006,0.8854166666666666,0.1111111111111111
gesture,False,False,57,0.1,top-left,0,0.2,0,0.012955910776469374,adam,16,static,40,0,0,0,1,7,False,0.9319727891156463,0.8888888888888888,0.1076388888888889
gesture,False,False,57,0.1,top-left,0,0.2,0,0.012133236728976069,adam,16,static,40,0,0,0,1,8,False,0.9311224489795918,0.8888888888888888,0.1076388888888889
