dataset,least,most_polarity,seed,epsilon,pos,polarity,trigger_size,trigger_label,loss,optimizer,batch_size,type,epochs,start,end,strobe_gap,strobe_on_duration,trigger_length,random,train_acc,test_acc_clean,test_acc_backdoor
gesture,False,False,57,0.1,top-left,0,0.2,0,0.01333140108899093,adam,16,static,40,7,0,0,1,1,False,0.923469387755102,0.9097222222222222,0.09722222222222222
gesture,False,False,57,0.1,top-left,0,0.2,0,0.012171423528343439,adam,16,static,40,7,0,0,1,2,False,0.9370748299319728,0.8854166666666666,0.11458333333333333
gesture,False,False,57,0.1,top-left,0,0.2,0,0.01208266330452091,adam,16,static,40,6,0,0,1,3,False,0.9387755102040817,0.8993055555555556,0.10069444444444445
gesture,False,False,57,0.1,top-left,0,0.2,0,0.012777061537414992,adam,16,static,40,6,0,0,1,4,False,0.9302721088435374,0.9131944444444444,0.10069444444444445
gesture,False,False,57,0.1,top-left,0,0.2,0,0.013048243091194605,adam,16,static,40,5,0,0,1,5,False,0.9268707482993197,0.875,0.1076388888888889
gesture,False,False,57,0.1,top-left,0,0.2,0,0.012751518096141263,adam,16,static,40,5,0,0,1,6,False,0.9285714285714286,0.8958333333333334,0.1076388888888889
gesture,False,False,57,0.1,top-left,0,0.2,0,0.012549764654111294,adam,16,static,40,4,0,0,1,7,False,0.9302721088435374,0.9027777777777778,0.10416666666666667
gesture,False,False,57,0.1,top-left,0,0.2,0,0.012684121975029002,adam,16,static,40,4,0,0,1,8,False,0.9319727891156463,0.9027777777777778,0.1111111111111111
