dataset,least,most_polarity,seed,epsilon,pos,polarity,trigger_size,trigger_label,loss,optimizer,batch_size,type,epochs,start,end,strobe_gap,strobe_on_duration,trigger_length,random,train_acc,test_acc_clean,test_acc_backdoor
gesture,False,False,57,0.1,top-left,0,0.3,0,0.012530357133419741,adam,16,static,40,0,0,0,1,1,False,0.9319727891156463,0.90625,0.1111111111111111
gesture,False,False,57,0.1,top-left,0,0.3,0,0.012774458490818942,adam,16,static,40,0,0,0,1,2,False,0.9294217687074829,0.8993055555555556,0.09722222222222222
gesture,False,False,57,0.1,top-left,0,0.3,0,0.011990046755847882,adam,16,static,40,0,0,0,1,3,False,0.935374149659864,0.8958333333333334,0.10416666666666667
gesture,False,False,57,0.1,top-left,0,0.3,0,0.013317501543051734,adam,16,static,40,0,0,0,1,4,False,0.9260204081632653,0.9027777777777778,0.10416666666666667
gesture,False,False,57,0.1,top-left,0,0.3,0,0.013060629985542322,adam,16,static,40,0,0,0,1,5,False,0.9260204081632653,0.8958333333333334,0.10069444444444445
gesture,False,False,57,0.1,top-left,0,0.3,0,0.012653408698788305,adam,16,static,40,0,0,0,1,6,False,0.9277210884353742,0.9097222222222222,0.10069444444444445
gesture,False,False,57,0.1,top-left,0,0.3,0,0.013279641040784567,adam,16,static,40,0,0,0,1,7,False,0.9243197278911565,0.9027777777777778,0.10416666666666667
gesture,False,False,57,0.1,top-left,0,0.3,0,0.011590426230207592,adam,16,static,40,0,0,0,1,8,False,0.9370748299319728,0.8819444444444444,0.11458333333333333
