dataset,least,most_polarity,seed,epsilon,pos,polarity,trigger_size,trigger_label,loss,optimizer,batch_size,type,epochs,start,end,strobe_gap,strobe_on_duration,trigger_length,random,train_acc,test_acc_clean,test_acc_backdoor
gesture,False,False,57,0.1,top-left,0,0.1,0,0.01247679725365371,adam,16,static,40,0,0,0,1,1,False,0.9319727891156463,0.9027777777777778,0.10069444444444445
gesture,False,False,57,0.1,top-left,0,0.1,0,0.013083709235981006,adam,16,static,40,0,0,0,1,2,False,0.9209183673469388,0.9027777777777778,0.10069444444444445
gesture,False,False,57,0.1,top-left,0,0.1,0,0.012440524857529268,adam,16,static,40,0,0,0,1,3,False,0.9319727891156463,0.8958333333333334,0.10416666666666667
gesture,False,False,57,0.1,top-left,0,0.1,0,0.013614178418188173,adam,16,static,40,0,0,0,1,4,False,0.9251700680272109,0.9027777777777778,0.09375
gesture,False,False,57,0.1,top-left,0,0.1,0,0.013003820936721401,adam,16,static,40,0,0,0,1,5,False,0.9311224489795918,0.8854166666666666,0.09722222222222222
gesture,False,False,57,0.1,top-left,0,0.1,0,0.0131063478916478,adam,16,static,40,0,0,0,1,6,False,0.9285714285714286,0.8888888888888888,0.09375
gesture,False,False,57,0.1,top-left,0,0.1,0,0.012974378874614126,adam,16,static,40,0,0,0,1,7,False,0.9243197278911565,0.8819444444444444,0.1076388888888889
gesture,False,False,57,0.1,top-left,0,0.1,0,0.013125803565517777,adam,16,static,40,0,0,0,1,8,False,0.9226190476190477,0.8993055555555556,0.10416666666666667
