dataset,least,most_polarity,seed,epsilon,pos,polarity,trigger_size,trigger_label,loss,optimizer,batch_size,type,epochs,start,end,strobe_gap,strobe_on_duration,trigger_length,random,train_acc,test_acc_clean,test_acc_backdoor
gesture,False,False,57,0.1,top-left,0,0.3,0,0.012770215936359904,adam,16,static,40,15,0,0,1,1,False,0.9251700680272109,0.9131944444444444,0.10416666666666667
gesture,False,False,57,0.1,top-left,0,0.3,0,0.012276743649549428,adam,16,static,40,14,0,0,1,2,False,0.9328231292517006,0.8958333333333334,0.11458333333333333
gesture,False,False,57,0.1,top-left,0,0.3,0,0.01280523810003485,adam,16,static,40,13,0,0,1,3,False,0.9260204081632653,0.8958333333333334,0.1076388888888889
gesture,False,False,57,0.1,top-left,0,0.3,0,0.012757886644630205,adam,16,static,40,12,0,0,1,4,False,0.9285714285714286,0.8993055555555556,0.1076388888888889
gesture,False,False,57,0.1,top-left,0,0.3,0,0.012215770605229298,adam,16,static,40,11,0,0,1,5,False,0.9345238095238095,0.9131944444444444,0.10416666666666667
gesture,False,False,57,0.1,top-left,0,0.3,0,0.012698972645234697,adam,16,static,40,10,0,0,1,6,False,0.9277210884353742,0.8715277777777778,0.09375
gesture,False,False,57,0.1,top-left,0,0.3,0,0.012361705371299062,adam,16,static,40,9,0,0,1,7,False,0.9302721088435374,0.9027777777777778,0.11805555555555555
gesture,False,False,57,0.1,top-left,0,0.3,0,0.012134942877087362,adam,16,static,40,8,0,0,1,8,False,0.9328231292517006,0.8923611111111112,0.10416666666666667
