dataset,least,most_polarity,seed,epsilon,pos,polarity,trigger_size,trigger_label,loss,optimizer,batch_size,type,epochs,start,end,strobe_gap,strobe_on_duration,trigger_length,random,train_acc,test_acc_clean,test_acc_backdoor
gesture,False,False,57,0.1,top-left,1,0.1,0,0.011702404799395981,adam,16,flash,40,0,0,0,1,1,False,0.939625850340136,0.8923611111111112,0.14930555555555555
gesture,False,False,57,0.1,top-left,1,0.1,0,0.006233361872787379,adam,16,flash,40,0,0,0,1,2,False,0.9931972789115646,0.90625,0.9930555555555556
gesture,False,False,57,0.1,top-left,1,0.1,0,0.0053006871793495145,adam,16,flash,40,0,0,0,1,3,False,0.9897959183673469,0.9131944444444444,1.0
gesture,False,False,57,0.1,top-left,1,0.1,0,0.004138562717430648,adam,16,flash,40,0,0,0,1,4,False,0.9931972789115646,0.9409722222222222,1.0
gesture,False,False,57,0.1,top-left,1,0.1,0,0.0037571325301046983,adam,16,flash,40,0,0,0,1,5,False,0.9948979591836735,0.9236111111111112,1.0
gesture,False,False,57,0.1,top-left,1,0.1,0,0.004381631318872579,adam,16,flash,40,0,0,0,1,6,False,0.9923469387755102,0.9201388888888888,1.0
gesture,False,False,57,0.1,top-left,1,0.1,0,0.0036910319531361768,adam,16,flash,40,0,0,0,1,7,False,0.9974489795918368,0.9409722222222222,1.0
gesture,False,False,57,0.1,top-left,1,0.1,0,0.003619432480226518,adam,16,flash,40,0,0,0,1,8,False,0.9914965986394558,0.9131944444444444,1.0
