dataset,least,most_polarity,seed,epsilon,pos,polarity,trigger_size,trigger_label,loss,optimizer,batch_size,type,epochs,start,end,strobe_gap,strobe_on_duration,trigger_length,random,train_acc,test_acc_clean,test_acc_backdoor
gesture,False,False,42,0.1,top-left,2,0.3,0,0.014547466040671277,adam,16,static,40,15,0,1,1,1,False,0.9158163265306123,0.8854166666666666,0.11458333333333333
gesture,False,False,42,0.1,top-left,2,0.3,0,0.014322373461687849,adam,16,static,40,13,0,1,1,3,False,0.9200680272108843,0.8784722222222222,0.10416666666666667
gesture,False,False,42,0.1,top-left,2,0.3,0,0.015042215462165828,adam,16,static,40,11,0,1,1,5,False,0.9141156462585034,0.8958333333333334,0.10416666666666667
gesture,False,False,42,0.1,top-left,2,0.3,0,0.014169254786886123,adam,16,static,40,9,0,1,1,7,False,0.9183673469387755,0.8993055555555556,0.1076388888888889
gesture,False,False,42,0.1,top-left,2,0.3,0,0.014698821240339149,adam,16,static,40,7,0,1,1,9,False,0.91921768707483,0.90625,0.10416666666666667
gesture,False,False,42,0.1,top-left,2,0.3,0,0.011719251653420276,adam,16,static,40,5,0,1,1,11,False,0.9413265306122449,0.9097222222222222,0.2048611111111111
