dataset,least,most_polarity,seed,epsilon,pos,polarity,trigger_size,trigger_label,loss,optimizer,batch_size,type,epochs,start,end,strobe_gap,strobe_on_duration,trigger_length,random,train_acc,test_acc_clean,test_acc_backdoor
gesture,False,False,42,0.1,top-left,2,0.2,0,0.013968543374442121,adam,16,static,40,0,0,1,1,1,False,0.9183673469387755,0.8958333333333334,0.1076388888888889
gesture,False,False,42,0.1,top-left,2,0.2,0,0.014249916410162336,adam,16,static,40,0,0,1,1,3,False,0.9200680272108843,0.8958333333333334,0.1076388888888889
gesture,False,False,42,0.1,top-left,2,0.2,0,0.01441138443302642,adam,16,static,40,0,0,1,1,5,False,0.9217687074829932,0.8923611111111112,0.12152777777777778
gesture,False,False,42,0.1,top-left,2,0.2,0,0.010470459408753989,adam,16,static,40,0,0,1,1,7,False,0.9498299319727891,0.8923611111111112,0.2743055555555556
gesture,False,False,42,0.1,top-left,2,0.2,0,0.014328195607340355,adam,16,static,40,0,0,1,1,9,False,0.9149659863945578,0.8923611111111112,0.12152777777777778
gesture,False,False,42,0.1,top-left,2,0.2,0,0.0061628343125640535,adam,16,static,40,0,0,1,1,11,False,0.9906462585034014,0.9201388888888888,0.9201388888888888
