dataset,least,most_polarity,seed,epsilon,pos,polarity,trigger_size,trigger_label,loss,optimizer,batch_size,type,epochs,start,end,strobe_gap,strobe_on_duration,trigger_length,random,train_acc,test_acc_clean,test_acc_backdoor
gesture,False,False,42,0.1,top-left,2,0.3,0,0.014041097194818006,adam,16,static,40,0,0,1,1,1,False,0.9200680272108843,0.8993055555555556,0.1076388888888889
gesture,False,False,42,0.1,top-left,2,0.3,0,0.015537372406977577,adam,16,static,40,0,0,1,1,3,False,0.9107142857142857,0.8888888888888888,0.1111111111111111
gesture,False,False,42,0.1,top-left,2,0.3,0,0.014250704633756255,adam,16,static,40,0,0,1,1,5,False,0.9166666666666666,0.90625,0.1111111111111111
gesture,False,False,42,0.1,top-left,2,0.3,0,0.014702402413220836,adam,16,static,40,0,0,1,1,7,False,0.9226190476190477,0.9027777777777778,0.1111111111111111
gesture,False,False,42,0.1,top-left,2,0.3,0,0.0055261329687548945,adam,16,static,40,0,0,1,1,9,False,0.9906462585034014,0.9027777777777778,0.9895833333333334
gesture,False,False,42,0.1,top-left,2,0.3,0,0.00622636516464456,adam,16,static,40,0,0,1,1,11,False,0.9923469387755102,0.8993055555555556,0.9236111111111112
