dataset,least,most_polarity,seed,epsilon,pos,polarity,trigger_size,trigger_label,loss,optimizer,batch_size,type,epochs,start,end,strobe_gap,strobe_on_duration,trigger_length,random,train_acc,test_acc_clean,test_acc_backdoor
gesture,False,False,42,0.1,top-left,2,0.1,0,0.014616393116714598,adam,16,static,40,15,0,1,1,1,False,0.9149659863945578,0.9131944444444444,0.1111111111111111
gesture,False,False,42,0.1,top-left,2,0.1,0,0.014424242275659324,adam,16,static,40,13,0,1,1,3,False,0.9183673469387755,0.8819444444444444,0.11805555555555555
gesture,False,False,42,0.1,top-left,2,0.1,0,0.014631814728839463,adam,16,static,40,11,0,1,1,5,False,0.9175170068027211,0.8888888888888888,0.10416666666666667
gesture,False,False,42,0.1,top-left,2,0.1,0,0.014086062953408276,adam,16,static,40,9,0,1,1,7,False,0.9217687074829932,0.8888888888888888,0.1284722222222222
gesture,False,False,42,0.1,top-left,2,0.1,0,0.014541387396427442,adam,16,static,40,7,0,1,1,9,False,0.9175170068027211,0.8888888888888888,0.1076388888888889
gesture,False,False,42,0.1,top-left,2,0.1,0,0.014338888118651753,adam,16,static,40,5,0,1,1,11,False,0.9200680272108843,0.9097222222222222,0.10416666666666667
