dataset,least,most_polarity,seed,epsilon,pos,polarity,trigger_size,trigger_label,loss,optimizer,batch_size,type,epochs,start,end,strobe_gap,strobe_on_duration,trigger_length,random,train_acc,test_acc_clean,test_acc_backdoor
gesture,False,False,42,0.1,top-left,2,0.2,0,0.014829995851887733,adam,16,static,40,7,0,1,1,1,False,0.9166666666666666,0.8993055555555556,0.09375
gesture,False,False,42,0.1,top-left,2,0.2,0,0.014309301509895699,adam,16,static,40,6,0,1,1,3,False,0.9200680272108843,0.8993055555555556,0.10416666666666667
gesture,False,False,42,0.1,top-left,2,0.2,0,0.014259845107084229,adam,16,static,40,5,0,1,1,5,False,0.9183673469387755,0.9027777777777778,0.11805555555555555
gesture,False,False,42,0.1,top-left,2,0.2,0,0.01413824277467468,adam,16,static,40,4,0,1,1,7,False,0.9226190476190477,0.90625,0.1111111111111111
gesture,False,False,42,0.1,top-left,2,0.2,0,0.012639020176819797,adam,16,static,40,3,0,1,1,9,False,0.9268707482993197,0.8819444444444444,0.16666666666666666
gesture,False,False,42,0.1,top-left,2,0.2,0,0.007807499675244904,adam,16,static,40,2,0,1,1,11,False,0.9770408163265306,0.9201388888888888,0.5798611111111112
