dataset,least,most_polarity,seed,epsilon,pos,polarity,trigger_size,trigger_label,loss,optimizer,batch_size,type,epochs,start,end,strobe_gap,strobe_on_duration,trigger_length,random,train_acc,test_acc_clean,test_acc_backdoor
gesture,False,False,42,0.1,top-left,2,0.1,0,0.014773328576338332,adam,16,static,40,7,0,1,1,1,False,0.9183673469387755,0.8854166666666666,0.11458333333333333
gesture,False,False,42,0.1,top-left,2,0.1,0,0.014285107795782641,adam,16,static,40,6,0,1,1,3,False,0.9226190476190477,0.90625,0.1111111111111111
gesture,False,False,42,0.1,top-left,2,0.1,0,0.014166141822173888,adam,16,static,40,5,0,1,1,5,False,0.91921768707483,0.8854166666666666,0.11458333333333333
gesture,False,False,42,0.1,top-left,2,0.1,0,0.014173431173093668,adam,16,static,40,4,0,1,1,7,False,0.91921768707483,0.8958333333333334,0.10069444444444445
gesture,False,False,42,0.1,top-left,2,0.1,0,0.013554095936825081,adam,16,static,40,3,0,1,1,9,False,0.9226190476190477,0.875,0.125
gesture,False,False,42,0.1,top-left,2,0.1,0,0.015163784539390381,adam,16,static,40,2,0,1,1,11,False,0.9175170068027211,0.8993055555555556,0.10069444444444445
