dataset,least,most_polarity,seed,epsilon,pos,polarity,trigger_size,trigger_label,loss,optimizer,batch_size,type,epochs,start,end,strobe_gap,strobe_on_duration,trigger_length,random,train_acc,test_acc_clean,test_acc_backdoor
gesture,False,False,57,0.1,top-left,3,0.1,0,0.012361584687415434,adam,16,static,40,7,0,0,1,1,False,0.9268707482993197,0.9097222222222222,0.1111111111111111
gesture,False,False,57,0.1,top-left,3,0.1,0,0.011686599822904991,adam,16,static,40,7,0,0,1,2,False,0.9404761904761905,0.9027777777777778,0.10069444444444445
gesture,False,False,57,0.1,top-left,3,0.1,0,0.012218279982631912,adam,16,static,40,6,0,0,1,3,False,0.9302721088435374,0.9131944444444444,0.10069444444444445
gesture,False,False,57,0.1,top-left,3,0.1,0,0.012879050929150005,adam,16,static,40,6,0,0,1,4,False,0.9260204081632653,0.8993055555555556,0.09722222222222222
gesture,False,False,57,0.1,top-left,3,0.1,0,0.012859166501609443,adam,16,static,40,5,0,0,1,5,False,0.9260204081632653,0.9027777777777778,0.09722222222222222
gesture,False,False,57,0.1,top-left,3,0.1,0,0.012731911266083215,adam,16,static,40,5,0,0,1,6,False,0.9285714285714286,0.8854166666666666,0.10416666666666667
gesture,False,False,57,0.1,top-left,3,0.1,0,0.013112305771230029,adam,16,static,40,4,0,0,1,7,False,0.9268707482993197,0.8888888888888888,0.09375
gesture,False,False,57,0.1,top-left,3,0.1,0,0.013197596143728414,adam,16,static,40,4,0,0,1,8,False,0.9251700680272109,0.8888888888888888,0.10416666666666667
