dataset,least,most_polarity,seed,epsilon,pos,polarity,trigger_size,trigger_label,loss,optimizer,batch_size,type,epochs,start,end,strobe_gap,strobe_on_duration,trigger_length,random,train_acc,test_acc_clean,test_acc_backdoor
gesture,False,False,57,0.1,top-left,3,0.3,0,0.013257557881020364,adam,16,static,40,0,0,0,1,1,False,0.9268707482993197,0.8819444444444444,0.1111111111111111
gesture,False,False,57,0.1,top-left,3,0.3,0,0.012669201680541444,adam,16,static,40,0,0,0,1,2,False,0.9311224489795918,0.9131944444444444,0.1076388888888889
gesture,False,False,57,0.1,top-left,3,0.3,0,0.012955198206995823,adam,16,static,40,0,0,0,1,3,False,0.9294217687074829,0.8993055555555556,0.10069444444444445
gesture,False,False,57,0.1,top-left,3,0.3,0,0.01265209523302053,adam,16,static,40,0,0,0,1,4,False,0.9345238095238095,0.9131944444444444,0.10069444444444445
gesture,False,False,57,0.1,top-left,3,0.3,0,0.012771360367080388,adam,16,static,40,0,0,0,1,5,False,0.9285714285714286,0.8958333333333334,0.09375
gesture,False,False,57,0.1,top-left,3,0.3,0,0.00909151031388616,adam,16,static,40,0,0,0,1,6,False,0.9634353741496599,0.8888888888888888,0.3090277777777778
gesture,False,False,57,0.1,top-left,3,0.3,0,0.011032300006572892,adam,16,static,40,0,0,0,1,7,False,0.9455782312925171,0.90625,0.2916666666666667
gesture,False,False,57,0.1,top-left,3,0.3,0,0.011970292045069593,adam,16,static,40,0,0,0,1,8,False,0.9438775510204082,0.9027777777777778,0.22916666666666666
