dataset,least,most_polarity,seed,epsilon,pos,polarity,trigger_size,trigger_label,loss,optimizer,batch_size,type,epochs,start,end,strobe_gap,strobe_on_duration,trigger_length,random,train_acc,test_acc_clean,test_acc_backdoor
gesture,False,False,57,0.1,top-left,3,0.2,0,0.012809456638092187,adam,16,static,40,7,0,0,1,1,False,0.9268707482993197,0.8854166666666666,0.09375
gesture,False,False,57,0.1,top-left,3,0.2,0,0.012139913236380232,adam,16,static,40,7,0,0,1,2,False,0.9319727891156463,0.8993055555555556,0.1076388888888889
gesture,False,False,57,0.1,top-left,3,0.2,0,0.013274909047802695,adam,16,static,40,6,0,0,1,3,False,0.9268707482993197,0.90625,0.1111111111111111
gesture,False,False,57,0.1,top-left,3,0.2,0,0.01326375739129425,adam,16,static,40,6,0,0,1,4,False,0.9285714285714286,0.8854166666666666,0.1076388888888889
gesture,False,False,57,0.1,top-left,3,0.2,0,0.013611877308588247,adam,16,static,40,5,0,0,1,5,False,0.9268707482993197,0.8923611111111112,0.09722222222222222
gesture,False,False,57,0.1,top-left,3,0.2,0,0.012438525903501174,adam,16,static,40,5,0,0,1,6,False,0.9294217687074829,0.8854166666666666,0.10416666666666667
gesture,False,False,57,0.1,top-left,3,0.2,0,0.005802085862311275,adam,16,static,40,4,0,0,1,7,False,0.9897959183673469,0.9027777777777778,1.0
gesture,False,False,57,0.1,top-left,3,0.2,0,0.007661033364735088,adam,16,static,40,4,0,0,1,8,False,0.9804421768707483,0.9131944444444444,0.7222222222222222
