dataset,least,most_polarity,seed,epsilon,pos,polarity,trigger_size,trigger_label,loss,optimizer,batch_size,type,epochs,start,end,strobe_gap,strobe_on_duration,trigger_length,random,train_acc,test_acc_clean,test_acc_backdoor
gesture,False,False,57,0.1,top-left,3,0.2,0,0.011803352514750698,adam,16,static,40,15,0,0,1,1,False,0.9362244897959183,0.8854166666666666,0.11458333333333333
gesture,False,False,57,0.1,top-left,3,0.2,0,0.013057824719988672,adam,16,static,40,14,0,0,1,2,False,0.9268707482993197,0.9027777777777778,0.10069444444444445
gesture,False,False,57,0.1,top-left,3,0.2,0,0.012663452223982333,adam,16,static,40,13,0,0,1,3,False,0.9319727891156463,0.8854166666666666,0.10069444444444445
gesture,False,False,57,0.1,top-left,3,0.2,0,0.012294713705524702,adam,16,static,40,12,0,0,1,4,False,0.9277210884353742,0.9236111111111112,0.10069444444444445
gesture,False,False,57,0.1,top-left,3,0.2,0,0.012311871945984713,adam,16,static,40,11,0,0,1,5,False,0.935374149659864,0.8819444444444444,0.10416666666666667
gesture,False,False,57,0.1,top-left,3,0.2,0,0.012293007801331225,adam,16,static,40,10,0,0,1,6,False,0.9311224489795918,0.8888888888888888,0.10416666666666667
gesture,False,False,57,0.1,top-left,3,0.2,0,0.009728371598092573,adam,16,static,40,9,0,0,1,7,False,0.951530612244898,0.8958333333333334,0.2013888888888889
gesture,False,False,57,0.1,top-left,3,0.2,0,0.01263352418571812,adam,16,static,40,8,0,0,1,8,False,0.9277210884353742,0.9166666666666666,0.1076388888888889
