dataset,least,most_polarity,seed,epsilon,pos,polarity,trigger_size,trigger_label,loss,optimizer,batch_size,type,epochs,start,end,strobe_gap,strobe_on_duration,trigger_length,random,train_acc,test_acc_clean,test_acc_backdoor
gesture,False,False,57,0.1,top-left,3,0.3,0,0.013080291155421612,adam,16,static,40,15,0,0,1,1,False,0.9294217687074829,0.8854166666666666,0.10416666666666667
gesture,False,False,57,0.1,top-left,3,0.3,0,0.012696759276358145,adam,16,static,40,14,0,0,1,2,False,0.9294217687074829,0.8993055555555556,0.10069444444444445
gesture,False,False,57,0.1,top-left,3,0.3,0,0.013364520801395989,adam,16,static,40,13,0,0,1,3,False,0.9285714285714286,0.875,0.09722222222222222
gesture,False,False,57,0.1,top-left,3,0.3,0,0.013195065889178084,adam,16,static,40,12,0,0,1,4,False,0.9268707482993197,0.9027777777777778,0.10416666666666667
gesture,False,False,57,0.1,top-left,3,0.3,0,0.012480855372981454,adam,16,static,40,11,0,0,1,5,False,0.9336734693877551,0.8854166666666666,0.1111111111111111
gesture,False,False,57,0.1,top-left,3,0.3,0,0.012159483757528925,adam,16,static,40,10,0,0,1,6,False,0.9319727891156463,0.9027777777777778,0.10416666666666667
gesture,False,False,57,0.1,top-left,3,0.3,0,0.013109488346214806,adam,16,static,40,9,0,0,1,7,False,0.9285714285714286,0.9131944444444444,0.10416666666666667
gesture,False,False,57,0.1,top-left,3,0.3,0,0.008000130685945961,adam,16,static,40,8,0,0,1,8,False,0.9821428571428571,0.9131944444444444,0.6666666666666666
