dataset,least,most_polarity,seed,epsilon,pos,polarity,trigger_size,trigger_label,loss,optimizer,batch_size,type,epochs,start,end,strobe_gap,strobe_on_duration,trigger_length,random,train_acc,test_acc_clean,test_acc_backdoor
gesture,False,False,57,0.1,top-left,3,0.3,0,0.013134708586877503,adam,16,static,40,7,0,0,1,1,False,0.9294217687074829,0.8993055555555556,0.1076388888888889
gesture,False,False,57,0.1,top-left,3,0.3,0,0.013209735325277866,adam,16,static,40,7,0,0,1,2,False,0.9302721088435374,0.8958333333333334,0.1076388888888889
gesture,False,False,57,0.1,top-left,3,0.3,0,0.01252216177827799,adam,16,static,40,6,0,0,1,3,False,0.9268707482993197,0.9201388888888888,0.11805555555555555
gesture,False,False,57,0.1,top-left,3,0.3,0,0.010592418013229257,adam,16,static,40,6,0,0,1,4,False,0.9523809523809523,0.9097222222222222,0.2847222222222222
gesture,False,False,57,0.1,top-left,3,0.3,0,0.013123146302643277,adam,16,static,40,5,0,0,1,5,False,0.9285714285714286,0.8888888888888888,0.1111111111111111
gesture,False,False,57,0.1,top-left,3,0.3,0,0.008139814744342347,adam,16,static,40,5,0,0,1,6,False,0.9778911564625851,0.9201388888888888,0.65625
gesture,False,False,57,0.1,top-left,3,0.3,0,0.006635832939246277,adam,16,static,40,4,0,0,1,7,False,0.9889455782312925,0.8923611111111112,1.0
gesture,False,False,57,0.1,top-left,3,0.3,0,0.005795983128807172,adam,16,static,40,4,0,0,1,8,False,0.9897959183673469,0.9027777777777778,0.9965277777777778
