dataset,least,most_polarity,seed,epsilon,pos,polarity,trigger_size,trigger_label,loss,optimizer,batch_size,type,epochs,start,end,strobe_gap,strobe_on_duration,trigger_length,random,train_acc,test_acc_clean,test_acc_backdoor
gesture,False,False,57,0.1,top-left,3,0.1,0,0.012620376622570413,adam,16,static,40,0,0,0,1,1,False,0.9285714285714286,0.8888888888888888,0.10069444444444445
gesture,False,False,57,0.1,top-left,3,0.1,0,0.012373394446865636,adam,16,static,40,0,0,0,1,2,False,0.9311224489795918,0.9027777777777778,0.1076388888888889
gesture,False,False,57,0.1,top-left,3,0.1,0,0.0129660717275019,adam,16,static,40,0,0,0,1,3,False,0.9243197278911565,0.8993055555555556,0.09722222222222222
gesture,False,False,57,0.1,top-left,3,0.1,0,0.013210895004029683,adam,16,static,40,0,0,0,1,4,False,0.9277210884353742,0.9027777777777778,0.1076388888888889
gesture,False,False,57,0.1,top-left,3,0.1,0,0.013113274812368916,adam,16,static,40,0,0,0,1,5,False,0.9277210884353742,0.9097222222222222,0.09722222222222222
gesture,False,False,57,0.1,top-left,3,0.1,0,0.013167414605161366,adam,16,static,40,0,0,0,1,6,False,0.9277210884353742,0.9027777777777778,0.10069444444444445
gesture,False,False,57,0.1,top-left,3,0.1,0,0.012871740351044604,adam,16,static,40,0,0,0,1,7,False,0.9260204081632653,0.9027777777777778,0.10416666666666667
gesture,False,False,57,0.1,top-left,3,0.1,0,0.012224582074602851,adam,16,static,40,0,0,0,1,8,False,0.935374149659864,0.90625,0.1111111111111111
