dataset,least,most_polarity,seed,epsilon,pos,polarity,trigger_size,trigger_label,loss,optimizer,batch_size,type,epochs,start,end,strobe_gap,strobe_on_duration,trigger_length,random,train_acc,test_acc_clean,test_acc_backdoor
gesture,False,False,57,0.1,top-left,3,0.2,0,0.012569458941377851,adam,16,static,40,0,0,0,1,1,False,0.9302721088435374,0.90625,0.10069444444444445
gesture,False,False,57,0.1,top-left,3,0.2,0,0.012958066740713151,adam,16,static,40,0,0,0,1,2,False,0.9294217687074829,0.8819444444444444,0.1111111111111111
gesture,False,False,57,0.1,top-left,3,0.2,0,0.011808736658446034,adam,16,static,40,0,0,0,1,3,False,0.9387755102040817,0.8888888888888888,0.1076388888888889
gesture,False,False,57,0.1,top-left,3,0.2,0,0.012648550083949453,adam,16,static,40,0,0,0,1,4,False,0.9302721088435374,0.8784722222222222,0.11458333333333333
gesture,False,False,57,0.1,top-left,3,0.2,0,0.012992826253999354,adam,16,static,40,0,0,0,1,5,False,0.9285714285714286,0.8958333333333334,0.10416666666666667
gesture,False,False,57,0.1,top-left,3,0.2,0,0.01339903893266,adam,16,static,40,0,0,0,1,6,False,0.9260204081632653,0.90625,0.10069444444444445
gesture,False,False,57,0.1,top-left,3,0.2,0,0.012755781660794097,adam,16,static,40,0,0,0,1,7,False,0.9319727891156463,0.8715277777777778,0.13541666666666666
gesture,False,False,57,0.1,top-left,3,0.2,0,0.008904221109716462,adam,16,static,40,0,0,0,1,8,False,0.967687074829932,0.8923611111111112,0.6145833333333334
