dataset,least,most_polarity,seed,epsilon,pos,polarity,trigger_size,trigger_label,loss,optimizer,batch_size,type,epochs,start,end,strobe_gap,strobe_on_duration,trigger_length,random,train_acc,test_acc_clean,test_acc_backdoor
gesture,False,False,57,0.1,top-left,0,0.1,0,0.012446428177130668,adam,16,flash,40,15,0,1,1,1,False,0.9251700680272109,0.8854166666666666,0.10069444444444445
gesture,False,False,57,0.1,top-left,0,0.1,0,0.012788847411925696,adam,16,flash,40,13,0,1,1,3,False,0.9200680272108843,0.90625,0.1076388888888889
gesture,False,False,57,0.1,top-left,0,0.1,0,0.011506029585262343,adam,16,flash,40,11,0,1,1,5,False,0.9345238095238095,0.8958333333333334,0.11458333333333333
gesture,False,False,57,0.1,top-left,0,0.1,0,0.009084003375602417,adam,16,flash,40,9,0,1,1,7,False,0.9506802721088435,0.9340277777777778,0.2326388888888889
gesture,False,False,57,0.1,top-left,0,0.1,0,0.007764076719022527,adam,16,flash,40,7,0,1,1,9,False,0.967687074829932,0.9305555555555556,0.4895833333333333
gesture,False,False,57,0.1,top-left,0,0.1,0,0.006278379082198249,adam,16,flash,40,5,0,1,1,11,False,0.9863945578231292,0.9305555555555556,0.7743055555555556
