dataset,least,most_polarity,seed,epsilon,pos,polarity,trigger_size,trigger_label,loss,optimizer,batch_size,type,epochs,start,end,strobe_gap,strobe_on_duration,trigger_length,random,train_acc,test_acc_clean,test_acc_backdoor
gesture,False,False,57,0.1,top-left,0,0.1,0,0.012349626701958731,adam,16,flash,40,7,0,1,1,1,False,0.9319727891156463,0.8958333333333334,0.1111111111111111
gesture,False,False,57,0.1,top-left,0,0.1,0,0.010105972656612696,adam,16,flash,40,6,0,1,1,3,False,0.9455782312925171,0.9131944444444444,0.1388888888888889
gesture,False,False,57,0.1,top-left,0,0.1,0,0.00938746238406114,adam,16,flash,40,5,0,1,1,5,False,0.9523809523809523,0.9131944444444444,0.21875
gesture,False,False,57,0.1,top-left,0,0.1,0,0.007536514114183025,adam,16,flash,40,4,0,1,1,7,False,0.9702380952380952,0.9131944444444444,0.4756944444444444
gesture,False,False,57,0.1,top-left,0,0.1,0,0.005849331707636617,adam,16,flash,40,3,0,1,1,9,False,0.9931972789115646,0.9131944444444444,0.9756944444444444
gesture,False,False,57,0.1,top-left,0,0.1,0,0.00416671214656917,adam,16,flash,40,2,0,1,1,11,False,0.9957482993197279,0.9270833333333334,0.9861111111111112
