dataset,least,most_polarity,seed,epsilon,pos,polarity,trigger_size,trigger_label,loss,optimizer,batch_size,type,epochs,start,end,strobe_gap,strobe_on_duration,trigger_length,random,train_acc,test_acc_clean,test_acc_backdoor
gesture,False,False,57,0.1,top-left,0,0.1,0,0.01283308851602329,adam,16,flash,40,0,0,1,1,1,False,0.9260204081632653,0.9027777777777778,0.10069444444444445
gesture,False,False,57,0.1,top-left,0,0.1,0,0.010305295321380808,adam,16,flash,40,0,0,1,1,3,False,0.9379251700680272,0.8993055555555556,0.1284722222222222
gesture,False,False,57,0.1,top-left,0,0.1,0,0.010071880706795017,adam,16,flash,40,0,0,1,1,5,False,0.9336734693877551,0.8958333333333334,0.19444444444444445
gesture,False,False,57,0.1,top-left,0,0.1,0,0.0062440091389275735,adam,16,flash,40,0,0,1,1,7,False,0.9872448979591837,0.9201388888888888,0.7395833333333334
gesture,False,False,57,0.1,top-left,0,0.1,0,0.005171946356022338,adam,16,flash,40,0,0,1,1,9,False,0.9914965986394558,0.9201388888888888,0.9479166666666666
gesture,False,False,57,0.1,top-left,0,0.1,0,0.004447490472637978,adam,16,flash,40,0,0,1,1,11,False,0.9965986394557823,0.9201388888888888,0.9965277777777778
