dataset,least,most_polarity,seed,epsilon,pos,polarity,trigger_size,trigger_label,loss,optimizer,batch_size,type,epochs,start,end,strobe_gap,strobe_on_duration,trigger_length,random,train_acc,test_acc_clean,test_acc_backdoor
gesture,False,False,42,0.1,top-left,0,0.3,0,0.014977537206418458,adam,16,static,40,0,0,0,1,1,False,0.9158163265306123,0.8715277777777778,0.125
gesture,False,False,42,0.1,top-left,0,0.3,0,0.013774263469793765,adam,16,static,40,0,0,0,1,2,False,0.9260204081632653,0.8888888888888888,0.11805555555555555
gesture,False,False,42,0.1,top-left,0,0.3,0,0.014927009104744714,adam,16,static,40,0,0,0,1,3,False,0.9158163265306123,0.8923611111111112,0.11805555555555555
gesture,False,False,42,0.1,top-left,0,0.3,0,0.014230276629024622,adam,16,static,40,0,0,0,1,4,False,0.9217687074829932,0.9027777777777778,0.1111111111111111
gesture,False,False,42,0.1,top-left,0,0.3,0,0.01470695606743296,adam,16,static,40,0,0,0,1,5,False,0.9166666666666666,0.8680555555555556,0.13194444444444445
gesture,False,False,42,0.1,top-left,0,0.3,0,0.01603713769744448,adam,16,static,40,0,0,0,1,6,False,0.9115646258503401,0.8888888888888888,0.11805555555555555
gesture,False,False,42,0.1,top-left,0,0.3,0,0.01489205300161729,adam,16,static,40,0,0,0,1,7,False,0.9132653061224489,0.90625,0.12152777777777778
gesture,False,False,42,0.1,top-left,0,0.3,0,0.014267611735481389,adam,16,static,40,0,0,0,1,8,False,0.91921768707483,0.9027777777777778,0.1111111111111111
