dataset,least,most_polarity,seed,epsilon,pos,polarity,trigger_size,trigger_label,loss,optimizer,batch_size,type,epochs,start,end,strobe_gap,strobe_on_duration,trigger_length,random,train_acc,test_acc_clean,test_acc_backdoor
gesture,False,False,42,0.1,top-left,0,0.3,0,0.013551103407327009,adam,16,static,40,7,0,0,1,1,False,0.9243197278911565,0.8854166666666666,0.11805555555555555
gesture,False,False,42,0.1,top-left,0,0.3,0,0.014266183387589495,adam,16,static,40,7,0,0,1,2,False,0.9209183673469388,0.8888888888888888,0.11805555555555555
gesture,False,False,42,0.1,top-left,0,0.3,0,0.013746316202593093,adam,16,static,40,6,0,0,1,3,False,0.9217687074829932,0.875,0.11805555555555555
gesture,False,False,42,0.1,top-left,0,0.3,0,0.014842681203442974,adam,16,static,40,6,0,0,1,4,False,0.9175170068027211,0.8958333333333334,0.1111111111111111
gesture,False,False,42,0.1,top-left,0,0.3,0,0.014928068715420103,adam,16,static,40,5,0,0,1,5,False,0.9132653061224489,0.8784722222222222,0.11805555555555555
gesture,False,False,42,0.1,top-left,0,0.3,0,0.014246163007543505,adam,16,static,40,5,0,0,1,6,False,0.9209183673469388,0.8784722222222222,0.12152777777777778
gesture,False,False,42,0.1,top-left,0,0.3,0,0.01264884297697976,adam,16,static,40,4,0,0,1,7,False,0.9336734693877551,0.8958333333333334,0.17708333333333334
gesture,False,False,42,0.1,top-left,0,0.3,0,0.011482494214841096,adam,16,static,40,4,0,0,1,8,False,0.9447278911564626,0.8958333333333334,0.2743055555555556
