dataset,least,most_polarity,seed,epsilon,pos,polarity,trigger_size,trigger_label,loss,optimizer,batch_size,type,epochs,start,end,strobe_gap,strobe_on_duration,trigger_length,random,train_acc,test_acc_clean,test_acc_backdoor
gesture,False,False,42,0.1,top-left,0,0.1,0,0.014132043375272532,adam,16,static,40,15,0,0,1,1,False,0.9200680272108843,0.8958333333333334,0.10416666666666667
gesture,False,False,42,0.1,top-left,0,0.1,0,0.01477351278497451,adam,16,static,40,14,0,0,1,2,False,0.9166666666666666,0.9097222222222222,0.1076388888888889
gesture,False,False,42,0.1,top-left,0,0.1,0,0.014240981288710418,adam,16,static,40,13,0,0,1,3,False,0.9217687074829932,0.9027777777777778,0.1076388888888889
gesture,False,False,42,0.1,top-left,0,0.1,0,0.01507455623727672,adam,16,static,40,12,0,0,1,4,False,0.9141156462585034,0.90625,0.10416666666666667
gesture,False,False,42,0.1,top-left,0,0.1,0,0.01394543060272628,adam,16,static,40,11,0,0,1,5,False,0.923469387755102,0.8680555555555556,0.11805555555555555
gesture,False,False,42,0.1,top-left,0,0.1,0,0.014866337629960102,adam,16,static,40,10,0,0,1,6,False,0.9175170068027211,0.9097222222222222,0.11805555555555555
gesture,False,False,42,0.1,top-left,0,0.1,0,0.013895397701737831,adam,16,static,40,9,0,0,1,7,False,0.9217687074829932,0.8993055555555556,0.1111111111111111
gesture,False,False,42,0.1,top-left,0,0.1,0,0.014521801910762275,adam,16,static,40,8,0,0,1,8,False,0.91921768707483,0.8923611111111112,0.1076388888888889
