dataset,least,most_polarity,seed,epsilon,pos,polarity,trigger_size,trigger_label,loss,optimizer,batch_size,type,epochs,start,end,strobe_gap,strobe_on_duration,trigger_length,random,train_acc,test_acc_clean,test_acc_backdoor
gesture,False,False,42,0.1,top-left,0,0.2,0,0.01415479978939303,adam,16,static,40,15,0,0,1,1,False,0.91921768707483,0.8680555555555556,0.1111111111111111
gesture,False,False,42,0.1,top-left,0,0.2,0,0.014258818380965465,adam,16,static,40,14,0,0,1,2,False,0.9200680272108843,0.8958333333333334,0.10416666666666667
gesture,False,False,42,0.1,top-left,0,0.2,0,0.014580024095873037,adam,16,static,40,13,0,0,1,3,False,0.9200680272108843,0.9097222222222222,0.1111111111111111
gesture,False,False,42,0.1,top-left,0,0.2,0,0.013856145078126264,adam,16,static,40,12,0,0,1,4,False,0.9226190476190477,0.8819444444444444,0.10416666666666667
gesture,False,False,42,0.1,top-left,0,0.2,0,0.013733044741865324,adam,16,static,40,11,0,0,1,5,False,0.9209183673469388,0.8923611111111112,0.11805555555555555
gesture,False,False,42,0.1,top-left,0,0.2,0,0.014179893408198746,adam,16,static,40,10,0,0,1,6,False,0.9209183673469388,0.8958333333333334,0.11805555555555555
gesture,False,False,42,0.1,top-left,0,0.2,0,0.014556872449359116,adam,16,static,40,9,0,0,1,7,False,0.9175170068027211,0.8993055555555556,0.10416666666666667
gesture,False,False,42,0.1,top-left,0,0.2,0,0.013132812243056338,adam,16,static,40,8,0,0,1,8,False,0.9251700680272109,0.8715277777777778,0.1388888888888889
