dataset,least,most_polarity,seed,epsilon,pos,polarity,trigger_size,trigger_label,loss,optimizer,batch_size,type,epochs,start,end,strobe_gap,strobe_on_duration,trigger_length,random,train_acc,test_acc_clean,test_acc_backdoor
gesture,False,False,42,0.1,top-left,0,0.2,0,0.01422986585241394,adam,16,static,40,0,0,0,1,1,False,0.9209183673469388,0.9027777777777778,0.11458333333333333
gesture,False,False,42,0.1,top-left,0,0.2,0,0.01441937750268753,adam,16,static,40,0,0,0,1,2,False,0.9166666666666666,0.8854166666666666,0.11805555555555555
gesture,False,False,42,0.1,top-left,0,0.2,0,0.013789081024196076,adam,16,static,40,0,0,0,1,3,False,0.9243197278911565,0.8993055555555556,0.1284722222222222
gesture,False,False,42,0.1,top-left,0,0.2,0,0.01392865931729273,adam,16,static,40,0,0,0,1,4,False,0.9217687074829932,0.9027777777777778,0.11805555555555555
gesture,False,False,42,0.1,top-left,0,0.2,0,0.014667253516817174,adam,16,static,40,0,0,0,1,5,False,0.9183673469387755,0.8993055555555556,0.1076388888888889
gesture,False,False,42,0.1,top-left,0,0.2,0,0.013405884368991365,adam,16,static,40,0,0,0,1,6,False,0.9268707482993197,0.8819444444444444,0.1284722222222222
gesture,False,False,42,0.1,top-left,0,0.2,0,0.014670423985946746,adam,16,static,40,0,0,0,1,7,False,0.9175170068027211,0.8888888888888888,0.12152777777777778
gesture,False,False,42,0.1,top-left,0,0.2,0,0.014319471698127636,adam,16,static,40,0,0,0,1,8,False,0.9200680272108843,0.8854166666666666,0.11805555555555555
