dataset,least,most_polarity,seed,epsilon,pos,polarity,trigger_size,trigger_label,loss,optimizer,batch_size,type,epochs,start,end,strobe_gap,strobe_on_duration,trigger_length,random,train_acc,test_acc_clean,test_acc_backdoor
gesture,False,False,42,0.1,top-left,0,0.2,0,0.013619680201546067,adam,16,static,40,7,0,0,1,1,False,0.923469387755102,0.9201388888888888,0.09722222222222222
gesture,False,False,42,0.1,top-left,0,0.2,0,0.014128573717181982,adam,16,static,40,7,0,0,1,2,False,0.9226190476190477,0.8784722222222222,0.1076388888888889
gesture,False,False,42,0.1,top-left,0,0.2,0,0.014492127607215424,adam,16,static,40,6,0,0,1,3,False,0.91921768707483,0.90625,0.10069444444444445
gesture,False,False,42,0.1,top-left,0,0.2,0,0.013995427384871204,adam,16,static,40,6,0,0,1,4,False,0.9200680272108843,0.8854166666666666,0.11805555555555555
gesture,False,False,42,0.1,top-left,0,0.2,0,0.013846956006549045,adam,16,static,40,5,0,0,1,5,False,0.91921768707483,0.8715277777777778,0.1284722222222222
gesture,False,False,42,0.1,top-left,0,0.2,0,0.013656650220050293,adam,16,static,40,5,0,0,1,6,False,0.91921768707483,0.8854166666666666,0.11805555555555555
gesture,False,False,42,0.1,top-left,0,0.2,0,0.014861478913752805,adam,16,static,40,4,0,0,1,7,False,0.9175170068027211,0.90625,0.1076388888888889
gesture,False,False,42,0.1,top-left,0,0.2,0,0.014666435375277485,adam,16,static,40,4,0,0,1,8,False,0.9175170068027211,0.8854166666666666,0.1284722222222222
