dataset,least,most_polarity,seed,epsilon,pos,polarity,trigger_size,trigger_label,loss,optimizer,batch_size,type,epochs,start,end,strobe_gap,strobe_on_duration,trigger_length,random,train_acc,test_acc_clean,test_acc_backdoor
gesture,False,False,42,0.1,top-left,0,0.1,0,0.014003501818547037,adam,16,static,40,7,0,0,1,1,False,0.9209183673469388,0.875,0.12152777777777778
gesture,False,False,42,0.1,top-left,0,0.1,0,0.014476431112381675,adam,16,static,40,7,0,0,1,2,False,0.9166666666666666,0.90625,0.10069444444444445
gesture,False,False,42,0.1,top-left,0,0.1,0,0.014113236925102213,adam,16,static,40,6,0,0,1,3,False,0.9175170068027211,0.875,0.1076388888888889
gesture,False,False,42,0.1,top-left,0,0.1,0,0.014584852569438771,adam,16,static,40,6,0,0,1,4,False,0.9149659863945578,0.9131944444444444,0.1076388888888889
gesture,False,False,42,0.1,top-left,0,0.1,0,0.013863645798089554,adam,16,static,40,5,0,0,1,5,False,0.923469387755102,0.8819444444444444,0.09722222222222222
gesture,False,False,42,0.1,top-left,0,0.1,0,0.014864350422000398,adam,16,static,40,5,0,0,1,6,False,0.9183673469387755,0.8888888888888888,0.1111111111111111
gesture,False,False,42,0.1,top-left,0,0.1,0,0.014839214671935354,adam,16,static,40,4,0,0,1,7,False,0.9183673469387755,0.8854166666666666,0.1111111111111111
gesture,False,False,42,0.1,top-left,0,0.1,0,0.014170734443049244,adam,16,static,40,4,0,0,1,8,False,0.9209183673469388,0.9027777777777778,0.1076388888888889
