dataset,least,most_polarity,seed,epsilon,pos,polarity,trigger_size,trigger_label,loss,optimizer,batch_size,type,epochs,start,end,strobe_gap,strobe_on_duration,trigger_length,random,train_acc,test_acc_clean,test_acc_backdoor
gesture,False,False,42,0.1,top-left,0,0.1,0,0.014487546662717652,adam,16,static,40,0,0,0,1,1,False,0.9175170068027211,0.875,0.13194444444444445
gesture,False,False,42,0.1,top-left,0,0.1,0,0.014418939809587335,adam,16,static,40,0,0,0,1,2,False,0.9200680272108843,0.8888888888888888,0.11805555555555555
gesture,False,False,42,0.1,top-left,0,0.1,0,0.014477889655398674,adam,16,static,40,0,0,0,1,3,False,0.9149659863945578,0.8784722222222222,0.1111111111111111
gesture,False,False,42,0.1,top-left,0,0.1,0,0.01482404113056607,adam,16,static,40,0,0,0,1,4,False,0.9166666666666666,0.8888888888888888,0.10069444444444445
gesture,False,False,42,0.1,top-left,0,0.1,0,0.013584416692278214,adam,16,static,40,0,0,0,1,5,False,0.923469387755102,0.8958333333333334,0.11458333333333333
gesture,False,False,42,0.1,top-left,0,0.1,0,0.014140296426481333,adam,16,static,40,0,0,0,1,6,False,0.9175170068027211,0.8854166666666666,0.11458333333333333
gesture,False,False,42,0.1,top-left,0,0.1,0,0.013737707281624581,adam,16,static,40,0,0,0,1,7,False,0.9209183673469388,0.8923611111111112,0.10416666666666667
gesture,False,False,42,0.1,top-left,0,0.1,0,0.01441815765701285,adam,16,static,40,0,0,0,1,8,False,0.9166666666666666,0.8923611111111112,0.11458333333333333
