dataset,least,most_polarity,seed,epsilon,pos,polarity,trigger_size,trigger_label,loss,optimizer,batch_size,type,epochs,start,end,strobe_gap,strobe_on_duration,trigger_length,random,train_acc,test_acc_clean,test_acc_backdoor
cifar10,False,False,42,0.1,top-left,1,0.3,0,0.04736919174922837,adam,16,static,10,15,0,0,1,1,False,0.6763333333333333,0.614,0.138
cifar10,False,False,42,0.1,top-left,1,0.3,0,0.04504551635185877,adam,16,static,10,14,0,0,1,2,False,0.6872222222222222,0.621,0.192
cifar10,False,False,42,0.1,top-left,1,0.3,0,0.04320896154642105,adam,16,static,10,13,0,0,1,3,False,0.7054444444444444,0.624,0.251
cifar10,False,False,42,0.1,top-left,1,0.3,0,0.04056229339871142,adam,16,static,10,12,0,0,1,4,False,0.7325555555555555,0.641,0.344
cifar10,False,False,42,0.1,top-left,1,0.3,0,0.03832268507281939,adam,16,static,10,11,0,0,1,5,False,0.7556666666666667,0.654,0.499
cifar10,False,False,42,0.1,top-left,1,0.3,0,0.03841062291794353,adam,16,static,10,10,0,0,1,6,False,0.7661111111111111,0.648,0.693
cifar10,False,False,42,0.1,top-left,1,0.3,0,0.03760487718714608,adam,16,static,10,9,0,0,1,7,False,0.7718888888888888,0.654,0.87
cifar10,False,False,42,0.1,top-left,1,0.3,0,0.03578667405909962,adam,16,static,10,8,0,0,1,8,False,0.7907777777777778,0.651,0.995
