dataset,least,most_polarity,seed,epsilon,pos,polarity,trigger_size,trigger_label,loss,optimizer,batch_size,type,epochs,start,end,strobe_gap,strobe_on_duration,trigger_length,random,train_acc,test_acc_clean,test_acc_backdoor
gesture,False,False,57,0.1,top-left,2,0.1,0,0.012537000586791915,adam,16,static,40,0,0,1,1,1,False,0.9319727891156463,0.9131944444444444,0.09027777777777778
gesture,False,False,57,0.1,top-left,2,0.1,0,0.012364981819552427,adam,16,static,40,0,0,1,1,3,False,0.9319727891156463,0.9027777777777778,0.10069444444444445
gesture,False,False,57,0.1,top-left,2,0.1,0,0.012603671777816046,adam,16,static,40,0,0,1,1,5,False,0.9302721088435374,0.9027777777777778,0.10416666666666667
gesture,False,False,57,0.1,top-left,2,0.1,0,0.012494069679329792,adam,16,static,40,0,0,1,1,7,False,0.9268707482993197,0.90625,0.10416666666666667
gesture,False,False,57,0.1,top-left,2,0.1,0,0.012035040124667948,adam,16,static,40,0,0,1,1,9,False,0.9319727891156463,0.9027777777777778,0.1076388888888889
gesture,False,False,57,0.1,top-left,2,0.1,0,0.012537489613505448,adam,16,static,40,0,0,1,1,11,False,0.9328231292517006,0.8958333333333334,0.1111111111111111
