dataset,least,most_polarity,seed,epsilon,pos,polarity,trigger_size,trigger_label,loss,optimizer,batch_size,type,epochs,start,end,strobe_gap,strobe_on_duration,trigger_length,random,train_acc,test_acc_clean,test_acc_backdoor
gesture,False,False,57,0.1,top-left,2,0.1,0,0.011772358631651823,adam,16,static,40,15,0,1,1,1,False,0.9336734693877551,0.875,0.1111111111111111
gesture,False,False,57,0.1,top-left,2,0.1,0,0.01242011796911152,adam,16,static,40,13,0,1,1,3,False,0.9277210884353742,0.9166666666666666,0.10069444444444445
gesture,False,False,57,0.1,top-left,2,0.1,0,0.012539878210407637,adam,16,static,40,11,0,1,1,5,False,0.9268707482993197,0.9027777777777778,0.10416666666666667
gesture,False,False,57,0.1,top-left,2,0.1,0,0.013225658185349232,adam,16,static,40,9,0,1,1,7,False,0.9260204081632653,0.8993055555555556,0.10069444444444445
gesture,False,False,57,0.1,top-left,2,0.1,0,0.012246628634023423,adam,16,static,40,7,0,1,1,9,False,0.9302721088435374,0.9027777777777778,0.11458333333333333
gesture,False,False,57,0.1,top-left,2,0.1,0,0.012734928092330086,adam,16,static,40,5,0,1,1,11,False,0.9260204081632653,0.8784722222222222,0.11805555555555555
