dataset,least,most_polarity,seed,epsilon,pos,polarity,trigger_size,trigger_label,loss,optimizer,batch_size,type,epochs,start,end,strobe_gap,strobe_on_duration,trigger_length,random,train_acc,test_acc_clean,test_acc_backdoor
gesture,False,False,57,0.1,top-left,2,0.2,0,0.01201139601124894,adam,16,static,40,0,0,1,1,1,False,0.9336734693877551,0.90625,0.1076388888888889
gesture,False,False,57,0.1,top-left,2,0.2,0,0.01271678261509558,adam,16,static,40,0,0,1,1,3,False,0.9302721088435374,0.90625,0.10069444444444445
gesture,False,False,57,0.1,top-left,2,0.2,0,0.013210484434907533,adam,16,static,40,0,0,1,1,5,False,0.9268707482993197,0.9166666666666666,0.1111111111111111
gesture,False,False,57,0.1,top-left,2,0.2,0,0.005390030320030542,adam,16,static,40,0,0,1,1,7,False,0.9897959183673469,0.8993055555555556,1.0
gesture,False,False,57,0.1,top-left,2,0.2,0,0.004814072784517898,adam,16,static,40,0,0,1,1,9,False,0.9914965986394558,0.9201388888888888,1.0
gesture,False,False,57,0.1,top-left,2,0.2,0,0.004572649810266788,adam,16,static,40,0,0,1,1,11,False,0.9880952380952381,0.9270833333333334,1.0
