dataset,least,most_polarity,seed,epsilon,pos,polarity,trigger_size,trigger_label,loss,optimizer,batch_size,type,epochs,start,end,strobe_gap,strobe_on_duration,trigger_length,random,train_acc,test_acc_clean,test_acc_backdoor
gesture,False,False,57,0.1,top-left,2,0.2,0,0.012607588385212786,adam,16,static,40,15,0,1,1,1,False,0.9311224489795918,0.90625,0.11805555555555555
gesture,False,False,57,0.1,top-left,2,0.2,0,0.012708083121422804,adam,16,static,40,13,0,1,1,3,False,0.9243197278911565,0.9027777777777778,0.1111111111111111
gesture,False,False,57,0.1,top-left,2,0.2,0,0.01273583079099047,adam,16,static,40,11,0,1,1,5,False,0.9285714285714286,0.9027777777777778,0.1111111111111111
gesture,False,False,57,0.1,top-left,2,0.2,0,0.01342071708747927,adam,16,static,40,9,0,1,1,7,False,0.9243197278911565,0.8784722222222222,0.10416666666666667
gesture,False,False,57,0.1,top-left,2,0.2,0,0.010945357421894564,adam,16,static,40,7,0,1,1,9,False,0.9413265306122449,0.90625,0.2013888888888889
gesture,False,False,57,0.1,top-left,2,0.2,0,0.005825171205943742,adam,16,static,40,5,0,1,1,11,False,0.9889455782312925,0.9236111111111112,0.9652777777777778
