dataset,least,most_polarity,seed,epsilon,pos,polarity,trigger_size,trigger_label,loss,optimizer,batch_size,type,epochs,start,end,strobe_gap,strobe_on_duration,trigger_length,random,train_acc,test_acc_clean,test_acc_backdoor
gesture,False,False,42,0.1,top-left,1,0.1,0,0.014567453151277335,adam,16,static,40,7,0,0,1,1,False,0.9166666666666666,0.8888888888888888,0.10416666666666667
gesture,False,False,42,0.1,top-left,1,0.1,0,0.014120526611804962,adam,16,static,40,7,0,0,1,2,False,0.9226190476190477,0.8993055555555556,0.12152777777777778
gesture,False,False,42,0.1,top-left,1,0.1,0,0.013682840040371734,adam,16,static,40,6,0,0,1,3,False,0.9226190476190477,0.8888888888888888,0.11458333333333333
gesture,False,False,42,0.1,top-left,1,0.1,0,0.012870481285285585,adam,16,static,40,6,0,0,1,4,False,0.9285714285714286,0.90625,0.14583333333333334
gesture,False,False,42,0.1,top-left,1,0.1,0,0.00877577009084983,adam,16,static,40,5,0,0,1,5,False,0.9702380952380952,0.8854166666666666,0.4826388888888889
gesture,False,False,42,0.1,top-left,1,0.1,0,0.010226158631116557,adam,16,static,40,5,0,0,1,6,False,0.9489795918367347,0.8888888888888888,0.2673611111111111
gesture,False,False,42,0.1,top-left,1,0.1,0,0.005764210115180535,adam,16,static,40,4,0,0,1,7,False,0.9914965986394558,0.8888888888888888,0.9618055555555556
gesture,False,False,42,0.1,top-left,1,0.1,0,0.0065001922083042915,adam,16,static,40,4,0,0,1,8,False,0.9931972789115646,0.9236111111111112,0.9791666666666666
