dataset,least,most_polarity,seed,epsilon,pos,polarity,trigger_size,trigger_label,loss,optimizer,batch_size,type,epochs,start,end,strobe_gap,strobe_on_duration,trigger_length,random,train_acc,test_acc_clean,test_acc_backdoor
gesture,False,False,42,0.1,top-left,1,0.3,0,0.0144130724646962,adam,16,static,40,0,0,0,1,1,False,0.9175170068027211,0.875,0.11805555555555555
gesture,False,False,42,0.1,top-left,1,0.3,0,0.013620033540262455,adam,16,static,40,0,0,0,1,2,False,0.9217687074829932,0.9027777777777778,0.1284722222222222
gesture,False,False,42,0.1,top-left,1,0.3,0,0.013828210032158563,adam,16,static,40,0,0,0,1,3,False,0.9260204081632653,0.9027777777777778,0.1076388888888889
gesture,False,False,42,0.1,top-left,1,0.3,0,0.00471789011300928,adam,16,static,40,0,0,0,1,4,False,0.9914965986394558,0.90625,1.0
gesture,False,False,42,0.1,top-left,1,0.3,0,0.0039205784762126146,adam,16,static,40,0,0,0,1,5,False,0.9940476190476191,0.8993055555555556,1.0
gesture,False,False,42,0.1,top-left,1,0.3,0,0.0036239136199682294,adam,16,static,40,0,0,0,1,6,False,0.9957482993197279,0.9131944444444444,1.0
gesture,False,False,42,0.1,top-left,1,0.3,0,0.0035598783648484165,adam,16,static,40,0,0,0,1,7,False,0.9931972789115646,0.90625,1.0
gesture,False,False,42,0.1,top-left,1,0.3,0,0.004132819269327637,adam,16,static,40,0,0,0,1,8,False,0.9931972789115646,0.9236111111111112,1.0
