dataset,least,most_polarity,seed,epsilon,pos,polarity,trigger_size,trigger_label,loss,optimizer,batch_size,type,epochs,start,end,strobe_gap,strobe_on_duration,trigger_length,random,train_acc,test_acc_clean,test_acc_backdoor
gesture,False,False,42,0.1,top-left,1,0.3,0,0.01419483153719683,adam,16,static,40,7,0,0,1,1,False,0.9217687074829932,0.9097222222222222,0.10069444444444445
gesture,False,False,42,0.1,top-left,1,0.3,0,0.006568859584730904,adam,16,static,40,7,0,0,1,2,False,0.9923469387755102,0.9027777777777778,0.9340277777777778
gesture,False,False,42,0.1,top-left,1,0.3,0,0.005519498793763064,adam,16,static,40,6,0,0,1,3,False,0.9957482993197279,0.9166666666666666,1.0
gesture,False,False,42,0.1,top-left,1,0.3,0,0.004692920474145486,adam,16,static,40,6,0,0,1,4,False,0.9974489795918368,0.90625,1.0
gesture,False,False,42,0.1,top-left,1,0.3,0,0.004701523530791152,adam,16,static,40,5,0,0,1,5,False,0.9948979591836735,0.8993055555555556,1.0
gesture,False,False,42,0.1,top-left,1,0.3,0,0.004016984551891583,adam,16,static,40,5,0,0,1,6,False,0.9965986394557823,0.9201388888888888,1.0
gesture,False,False,42,0.1,top-left,1,0.3,0,0.003990550363930512,adam,16,static,40,4,0,0,1,7,False,0.9974489795918368,0.9097222222222222,1.0
gesture,False,False,42,0.1,top-left,1,0.3,0,0.004000533377707359,adam,16,static,40,4,0,0,1,8,False,0.9991496598639455,0.9201388888888888,1.0
