dataset,least,most_polarity,seed,epsilon,pos,polarity,trigger_size,trigger_label,loss,optimizer,batch_size,type,epochs,start,end,strobe_gap,strobe_on_duration,trigger_length,random,train_acc,test_acc_clean,test_acc_backdoor
gesture,False,False,42,0.1,top-left,1,0.1,0,0.014005467919696148,adam,16,static,40,0,0,0,1,1,False,0.9217687074829932,0.8993055555555556,0.10416666666666667
gesture,False,False,42,0.1,top-left,1,0.1,0,0.014316569785682522,adam,16,static,40,0,0,0,1,2,False,0.9175170068027211,0.9097222222222222,0.11458333333333333
gesture,False,False,42,0.1,top-left,1,0.1,0,0.014945682492994126,adam,16,static,40,0,0,0,1,3,False,0.9158163265306123,0.9027777777777778,0.10416666666666667
gesture,False,False,42,0.1,top-left,1,0.1,0,0.01255071273098896,adam,16,static,40,0,0,0,1,4,False,0.9302721088435374,0.9166666666666666,0.12152777777777778
gesture,False,False,42,0.1,top-left,1,0.1,0,0.013193577087680701,adam,16,static,40,0,0,0,1,5,False,0.9243197278911565,0.9097222222222222,0.1388888888888889
gesture,False,False,42,0.1,top-left,1,0.1,0,0.007839508213698358,adam,16,static,40,0,0,0,1,6,False,0.9753401360544217,0.8819444444444444,0.8090277777777778
gesture,False,False,42,0.1,top-left,1,0.1,0,0.011335991541569938,adam,16,static,40,0,0,0,1,7,False,0.9379251700680272,0.8993055555555556,0.1875
gesture,False,False,42,0.1,top-left,1,0.1,0,0.008965173115332922,adam,16,static,40,0,0,0,1,8,False,0.9642857142857143,0.9097222222222222,0.4305555555555556
