dataset,least,most_polarity,seed,epsilon,pos,polarity,trigger_size,trigger_label,loss,optimizer,batch_size,type,epochs,start,end,strobe_gap,strobe_on_duration,trigger_length,random,train_acc,test_acc_clean,test_acc_backdoor
gesture,False,False,42,0.1,top-left,1,0.1,0,0.014108734642516593,adam,16,static,40,15,0,0,1,1,False,0.9226190476190477,0.8958333333333334,0.11805555555555555
gesture,False,False,42,0.1,top-left,1,0.1,0,0.013942731113559535,adam,16,static,40,14,0,0,1,2,False,0.9226190476190477,0.8958333333333334,0.12152777777777778
gesture,False,False,42,0.1,top-left,1,0.1,0,0.014190015231012081,adam,16,static,40,13,0,0,1,3,False,0.9166666666666666,0.9027777777777778,0.1111111111111111
gesture,False,False,42,0.1,top-left,1,0.1,0,0.01179149734223781,adam,16,static,40,12,0,0,1,4,False,0.9345238095238095,0.8923611111111112,0.1388888888888889
gesture,False,False,42,0.1,top-left,1,0.1,0,0.014552680983011719,adam,16,static,40,11,0,0,1,5,False,0.9183673469387755,0.8923611111111112,0.11805555555555555
gesture,False,False,42,0.1,top-left,1,0.1,0,0.008578271440350685,adam,16,static,40,10,0,0,1,6,False,0.9600340136054422,0.8993055555555556,0.2847222222222222
gesture,False,False,42,0.1,top-left,1,0.1,0,0.007144454686085181,adam,16,static,40,9,0,0,1,7,False,0.9625850340136054,0.90625,0.5
gesture,False,False,42,0.1,top-left,1,0.1,0,0.006818906861819884,adam,16,static,40,8,0,0,1,8,False,0.9889455782312925,0.9201388888888888,0.9618055555555556
