dataset,least,most_polarity,seed,epsilon,pos,polarity,trigger_size,trigger_label,loss,optimizer,batch_size,type,epochs,start,end,strobe_gap,strobe_on_duration,trigger_length,random,train_acc,test_acc_clean,test_acc_backdoor
gesture,False,False,42,0.1,top-left,1,0.2,0,0.014455118143715624,adam,16,static,40,0,0,0,1,1,False,0.9158163265306123,0.8888888888888888,0.1111111111111111
gesture,False,False,42,0.1,top-left,1,0.2,0,0.01342211511828715,adam,16,static,40,0,0,0,1,2,False,0.9209183673469388,0.9027777777777778,0.12152777777777778
gesture,False,False,42,0.1,top-left,1,0.2,0,0.014512528548156526,adam,16,static,40,0,0,0,1,3,False,0.9175170068027211,0.8923611111111112,0.1111111111111111
gesture,False,False,42,0.1,top-left,1,0.2,0,0.0063402611765453,adam,16,static,40,0,0,0,1,4,False,0.983843537414966,0.8993055555555556,1.0
gesture,False,False,42,0.1,top-left,1,0.2,0,0.006678413514199914,adam,16,static,40,0,0,0,1,5,False,0.9906462585034014,0.90625,0.9861111111111112
gesture,False,False,42,0.1,top-left,1,0.2,0,0.005350487655168082,adam,16,static,40,0,0,0,1,6,False,0.9872448979591837,0.9097222222222222,1.0
gesture,False,False,42,0.1,top-left,1,0.2,0,0.006657390456114497,adam,16,static,40,0,0,0,1,7,False,0.9906462585034014,0.90625,0.9722222222222222
gesture,False,False,42,0.1,top-left,1,0.2,0,0.008998069490882613,adam,16,static,40,0,0,0,1,8,False,0.9642857142857143,0.9097222222222222,0.5034722222222222
