dataset,least,most_polarity,seed,epsilon,pos,polarity,trigger_size,trigger_label,loss,optimizer,batch_size,type,epochs,start,end,strobe_gap,strobe_on_duration,trigger_length,random,train_acc,test_acc_clean,test_acc_backdoor
gesture,False,False,42,0.1,top-left,0,0.1,0,0.01374644622662846,adam,16,flash,40,0,0,0,1,1,False,0.923469387755102,0.8888888888888888,0.125
gesture,False,False,42,0.1,top-left,0,0.1,0,0.013498434508662848,adam,16,flash,40,0,0,0,1,2,False,0.9209183673469388,0.9027777777777778,0.11458333333333333
gesture,False,False,42,0.1,top-left,0,0.1,0,0.009538180403867546,adam,16,flash,40,0,0,0,1,3,False,0.9430272108843537,0.8958333333333334,0.25
gesture,False,False,42,0.1,top-left,0,0.1,0,0.00791003864549962,adam,16,flash,40,0,0,0,1,4,False,0.9625850340136054,0.9201388888888888,0.5
gesture,False,False,42,0.1,top-left,0,0.1,0,0.006504570796046736,adam,16,flash,40,0,0,0,1,5,False,0.9889455782312925,0.875,0.9791666666666666
gesture,False,False,42,0.1,top-left,0,0.1,0,0.005979561207334505,adam,16,flash,40,0,0,0,1,6,False,0.9897959183673469,0.9166666666666666,1.0
gesture,False,False,42,0.1,top-left,0,0.1,0,0.005327574335368109,adam,16,flash,40,0,0,0,1,7,False,0.9931972789115646,0.9027777777777778,1.0
gesture,False,False,42,0.1,top-left,0,0.1,0,0.0046708677708469076,adam,16,flash,40,0,0,0,1,8,False,0.9965986394557823,0.90625,1.0
