dataset,least,most_polarity,seed,epsilon,pos,polarity,trigger_size,trigger_label,loss,optimizer,batch_size,type,epochs,start,end,strobe_gap,strobe_on_duration,trigger_length,random,train_acc,test_acc_clean,test_acc_backdoor
gesture,False,False,42,0.1,top-left,0,0.1,0,0.01414278430902228,adam,16,flash,40,7,0,0,1,1,False,0.9183673469387755,0.8958333333333334,0.1111111111111111
gesture,False,False,42,0.1,top-left,0,0.1,0,0.013931591611761017,adam,16,flash,40,7,0,0,1,2,False,0.9166666666666666,0.8993055555555556,0.13541666666666666
gesture,False,False,42,0.1,top-left,0,0.1,0,0.010425019299700147,adam,16,flash,40,6,0,0,1,3,False,0.9277210884353742,0.8923611111111112,0.14583333333333334
gesture,False,False,42,0.1,top-left,0,0.1,0,0.009422560168594933,adam,16,flash,40,6,0,0,1,4,False,0.9336734693877551,0.8888888888888888,0.2881944444444444
gesture,False,False,42,0.1,top-left,0,0.1,0,0.007519724731314547,adam,16,flash,40,5,0,0,1,5,False,0.967687074829932,0.8923611111111112,0.6319444444444444
gesture,False,False,42,0.1,top-left,0,0.1,0,0.006536805766260847,adam,16,flash,40,5,0,0,1,6,False,0.9897959183673469,0.9131944444444444,0.9930555555555556
gesture,False,False,42,0.1,top-left,0,0.1,0,0.004857945643986265,adam,16,flash,40,4,0,0,1,7,False,0.9974489795918368,0.9027777777777778,1.0
gesture,False,False,42,0.1,top-left,0,0.1,0,0.004912622893850009,adam,16,flash,40,4,0,0,1,8,False,0.9965986394557823,0.9201388888888888,1.0
