dataset,least,most_polarity,seed,epsilon,pos,polarity,trigger_size,trigger_label,loss,optimizer,batch_size,type,epochs,start,end,strobe_gap,strobe_on_duration,trigger_length,random,train_acc,test_acc_clean,test_acc_backdoor
gesture,False,False,57,0.1,top-left,3,0.1,0,0.012550679618353341,adam,16,flash,40,15,0,1,1,1,False,0.9294217687074829,0.8993055555555556,0.1076388888888889
gesture,False,False,57,0.1,top-left,3,0.1,0,0.011981126769971685,adam,16,flash,40,13,0,1,1,3,False,0.9277210884353742,0.90625,0.10416666666666667
gesture,False,False,57,0.1,top-left,3,0.1,0,0.010444559708085596,adam,16,flash,40,11,0,1,1,5,False,0.9447278911564626,0.8854166666666666,0.14583333333333334
gesture,False,False,57,0.1,top-left,3,0.1,0,0.008499334094298332,adam,16,flash,40,9,0,1,1,7,False,0.9566326530612245,0.9166666666666666,0.3229166666666667
gesture,False,False,57,0.1,top-left,3,0.1,0,0.005870937441038538,adam,16,flash,40,7,0,1,1,9,False,0.9931972789115646,0.9270833333333334,0.7256944444444444
gesture,False,False,57,0.1,top-left,3,0.1,0,0.0043748823472862545,adam,16,flash,40,5,0,1,1,11,False,0.9957482993197279,0.9131944444444444,1.0
