dataset,least,most_polarity,seed,epsilon,pos,polarity,trigger_size,trigger_label,loss,optimizer,batch_size,type,epochs,start,end,strobe_gap,strobe_on_duration,trigger_length,random,train_acc,test_acc_clean,test_acc_backdoor
gesture,False,False,57,0.1,top-left,3,0.1,0,0.011760155999792271,adam,16,flash,40,0,0,1,1,1,False,0.9294217687074829,0.8958333333333334,0.10416666666666667
gesture,False,False,57,0.1,top-left,3,0.1,0,0.012407000537733642,adam,16,flash,40,0,0,1,1,3,False,0.9251700680272109,0.8958333333333334,0.125
gesture,False,False,57,0.1,top-left,3,0.1,0,0.0068564714917748355,adam,16,flash,40,0,0,1,1,5,False,0.9872448979591837,0.9131944444444444,0.9895833333333334
gesture,False,False,57,0.1,top-left,3,0.1,0,0.0057391528813105054,adam,16,flash,40,0,0,1,1,7,False,0.9923469387755102,0.9131944444444444,1.0
gesture,False,False,57,0.1,top-left,3,0.1,0,0.004302168626110165,adam,16,flash,40,0,0,1,1,9,False,0.9948979591836735,0.9236111111111112,1.0
gesture,False,False,57,0.1,top-left,3,0.1,0,0.003279432274249135,adam,16,flash,40,0,0,1,1,11,False,0.9965986394557823,0.9166666666666666,1.0
