dataset,least,most_polarity,seed,epsilon,pos,polarity,trigger_size,trigger_label,loss,optimizer,batch_size,type,epochs,start,end,strobe_gap,strobe_on_duration,trigger_length,random,train_acc,test_acc_clean,test_acc_backdoor
gesture,False,False,57,0.1,top-left,3,0.1,0,0.012580483508784147,adam,16,flash,40,7,0,1,1,1,False,0.9319727891156463,0.9097222222222222,0.1111111111111111
gesture,False,False,57,0.1,top-left,3,0.1,0,0.009539207107811963,adam,16,flash,40,6,0,1,1,3,False,0.9574829931972789,0.9097222222222222,0.3055555555555556
gesture,False,False,57,0.1,top-left,3,0.1,0,0.006320415999182836,adam,16,flash,40,5,0,1,1,5,False,0.9897959183673469,0.9270833333333334,0.9375
gesture,False,False,57,0.1,top-left,3,0.1,0,0.005177916342798038,adam,16,flash,40,4,0,1,1,7,False,0.9948979591836735,0.9166666666666666,1.0
gesture,False,False,57,0.1,top-left,3,0.1,0,0.004400984396790566,adam,16,flash,40,3,0,1,1,9,False,0.9965986394557823,0.9270833333333334,1.0
gesture,False,False,57,0.1,top-left,3,0.1,0,0.00449278549177154,adam,16,flash,40,2,0,1,1,11,False,0.9914965986394558,0.90625,1.0
