dataset,least,most_polarity,seed,epsilon,pos,polarity,trigger_size,trigger_label,loss,optimizer,batch_size,type,epochs,start,end,strobe_gap,strobe_on_duration,trigger_length,random,train_acc,test_acc_clean,test_acc_backdoor
gesture,False,False,57,0.1,top-left,1,0.1,0,0.012940389644291226,adam,16,static,40,15,0,0,1,1,False,0.9268707482993197,0.8854166666666666,0.10069444444444445
gesture,False,False,57,0.1,top-left,1,0.1,0,0.011879997812591645,adam,16,static,40,14,0,0,1,2,False,0.9362244897959183,0.90625,0.10416666666666667
gesture,False,False,57,0.1,top-left,1,0.1,0,0.01226997688780127,adam,16,static,40,13,0,0,1,3,False,0.9379251700680272,0.9097222222222222,0.10069444444444445
gesture,False,False,57,0.1,top-left,1,0.1,0,0.012908236101447116,adam,16,static,40,12,0,0,1,4,False,0.9294217687074829,0.9027777777777778,0.1076388888888889
gesture,False,False,57,0.1,top-left,1,0.1,0,0.01209678022400001,adam,16,static,40,11,0,0,1,5,False,0.9387755102040817,0.8888888888888888,0.11458333333333333
gesture,False,False,57,0.1,top-left,1,0.1,0,0.011394585435259707,adam,16,static,40,10,0,0,1,6,False,0.939625850340136,0.8993055555555556,0.13194444444444445
gesture,False,False,57,0.1,top-left,1,0.1,0,0.013416284168626936,adam,16,static,40,9,0,0,1,7,False,0.9268707482993197,0.8923611111111112,0.10069444444444445
gesture,False,False,57,0.1,top-left,1,0.1,0,0.006258168474764747,adam,16,static,40,8,0,0,1,8,False,0.9906462585034014,0.9166666666666666,0.9583333333333334
