dataset,least,most_polarity,seed,epsilon,pos,polarity,trigger_size,trigger_label,loss,optimizer,batch_size,type,epochs,start,end,strobe_gap,strobe_on_duration,trigger_length,random,train_acc,test_acc_clean,test_acc_backdoor
gesture,False,False,57,0.1,top-left,1,0.1,0,0.013198740777185781,adam,16,static,40,7,0,0,1,1,False,0.9251700680272109,0.9027777777777778,0.09722222222222222
gesture,False,False,57,0.1,top-left,1,0.1,0,0.011556771954483524,adam,16,static,40,7,0,0,1,2,False,0.9413265306122449,0.9166666666666666,0.1076388888888889
gesture,False,False,57,0.1,top-left,1,0.1,0,0.012491524179915892,adam,16,static,40,6,0,0,1,3,False,0.9294217687074829,0.9027777777777778,0.09722222222222222
gesture,False,False,57,0.1,top-left,1,0.1,0,0.009810470307537286,adam,16,static,40,6,0,0,1,4,False,0.9540816326530612,0.8888888888888888,0.2152777777777778
gesture,False,False,57,0.1,top-left,1,0.1,0,0.012475857903965477,adam,16,static,40,5,0,0,1,5,False,0.9311224489795918,0.8923611111111112,0.10416666666666667
gesture,False,False,57,0.1,top-left,1,0.1,0,0.0072799655482122284,adam,16,static,40,5,0,0,1,6,False,0.9778911564625851,0.9305555555555556,0.7638888888888888
gesture,False,False,57,0.1,top-left,1,0.1,0,0.009821585968744998,adam,16,static,40,4,0,0,1,7,False,0.9566326530612245,0.9270833333333334,0.3472222222222222
gesture,False,False,57,0.1,top-left,1,0.1,0,0.005911053904351227,adam,16,static,40,4,0,0,1,8,False,0.9948979591836735,0.9166666666666666,0.9930555555555556
