dataset,least,most_polarity,seed,epsilon,pos,polarity,trigger_size,trigger_label,loss,optimizer,batch_size,type,epochs,start,end,strobe_gap,strobe_on_duration,trigger_length,random,train_acc,test_acc_clean,test_acc_backdoor
gesture,False,False,57,0.1,top-left,1,0.3,0,0.012472690422037224,adam,16,static,40,15,0,0,1,1,False,0.9277210884353742,0.9201388888888888,0.09375
gesture,False,False,57,0.1,top-left,1,0.3,0,0.013788978455170077,adam,16,static,40,14,0,0,1,2,False,0.9251700680272109,0.8819444444444444,0.09722222222222222
gesture,False,False,57,0.1,top-left,1,0.3,0,0.013117662472587053,adam,16,static,40,13,0,0,1,3,False,0.9311224489795918,0.90625,0.1076388888888889
gesture,False,False,57,0.1,top-left,1,0.3,0,0.009362776546745378,adam,16,static,40,12,0,0,1,4,False,0.9370748299319728,0.9201388888888888,0.1423611111111111
gesture,False,False,57,0.1,top-left,1,0.3,0,0.008740331277530006,adam,16,static,40,11,0,0,1,5,False,0.9455782312925171,0.9166666666666666,0.21875
gesture,False,False,57,0.1,top-left,1,0.3,0,0.007688397646178396,adam,16,static,40,10,0,0,1,6,False,0.9625850340136054,0.9131944444444444,0.3229166666666667
gesture,False,False,57,0.1,top-left,1,0.3,0,0.007026880783136604,adam,16,static,40,9,0,0,1,7,False,0.9702380952380952,0.9201388888888888,0.5243055555555556
gesture,False,False,57,0.1,top-left,1,0.3,0,0.006138716168625623,adam,16,static,40,8,0,0,1,8,False,0.9931972789115646,0.9340277777777778,0.9826388888888888
