dataset,least,most_polarity,seed,epsilon,pos,polarity,trigger_size,trigger_label,loss,optimizer,batch_size,type,epochs,start,end,strobe_gap,strobe_on_duration,trigger_length,random,train_acc,test_acc_clean,test_acc_backdoor
gesture,False,False,42,0.1,top-left,1,0.1,0,0.009450606887741965,adam,16,flash,40,7,0,0,1,1,False,0.9617346938775511,0.8993055555555556,0.5590277777777778
gesture,False,False,42,0.1,top-left,1,0.1,0,0.005953815540767649,adam,16,flash,40,7,0,0,1,2,False,0.9965986394557823,0.9201388888888888,0.9895833333333334
gesture,False,False,42,0.1,top-left,1,0.1,0,0.005338904153251526,adam,16,flash,40,6,0,0,1,3,False,0.9965986394557823,0.9236111111111112,1.0
gesture,False,False,42,0.1,top-left,1,0.1,0,0.0053266291855042485,adam,16,flash,40,6,0,0,1,4,False,0.9948979591836735,0.9166666666666666,1.0
gesture,False,False,42,0.1,top-left,1,0.1,0,0.004664100703409537,adam,16,flash,40,5,0,0,1,5,False,0.9931972789115646,0.9305555555555556,1.0
gesture,False,False,42,0.1,top-left,1,0.1,0,0.0048017223574677295,adam,16,flash,40,5,0,0,1,6,False,0.9940476190476191,0.9201388888888888,1.0
gesture,False,False,42,0.1,top-left,1,0.1,0,0.004492537930234,adam,16,flash,40,4,0,0,1,7,False,0.9940476190476191,0.9131944444444444,1.0
gesture,False,False,42,0.1,top-left,1,0.1,0,0.0038613958385627285,adam,16,flash,40,4,0,0,1,8,False,0.9974489795918368,0.9236111111111112,1.0
