dataset,least,most_polarity,seed,epsilon,pos,polarity,trigger_size,trigger_label,loss,optimizer,batch_size,type,epochs,start,end,strobe_gap,strobe_on_duration,trigger_length,random,train_acc,test_acc_clean,test_acc_backdoor
gesture,False,False,42,0.1,top-left,1,0.1,0,0.010099728037381456,adam,16,flash,40,0,0,0,1,1,False,0.9464285714285714,0.9027777777777778,0.25
gesture,False,False,42,0.1,top-left,1,0.1,0,0.006619792460102816,adam,16,flash,40,0,0,0,1,2,False,0.9889455782312925,0.90625,1.0
gesture,False,False,42,0.1,top-left,1,0.1,0,0.004784392417871019,adam,16,flash,40,0,0,0,1,3,False,0.9957482993197279,0.8923611111111112,1.0
gesture,False,False,42,0.1,top-left,1,0.1,0,0.004839142093111818,adam,16,flash,40,0,0,0,1,4,False,0.9957482993197279,0.9270833333333334,1.0
gesture,False,False,42,0.1,top-left,1,0.1,0,0.003831437706541853,adam,16,flash,40,0,0,0,1,5,False,0.9957482993197279,0.9166666666666666,1.0
gesture,False,False,42,0.1,top-left,1,0.1,0,0.003913826524552439,adam,16,flash,40,0,0,0,1,6,False,0.9914965986394558,0.9166666666666666,1.0
gesture,False,False,42,0.1,top-left,1,0.1,0,0.0037478440398426385,adam,16,flash,40,0,0,0,1,7,False,0.9957482993197279,0.9027777777777778,1.0
gesture,False,False,42,0.1,top-left,1,0.1,0,0.0032123501347631317,adam,16,flash,40,0,0,0,1,8,False,0.9974489795918368,0.9131944444444444,1.0
