dataset,least,most_polarity,seed,epsilon,pos,polarity,trigger_size,trigger_label,loss,optimizer,batch_size,type,epochs,start,end,strobe_gap,strobe_on_duration,trigger_length,random,train_acc,test_acc_clean,test_acc_backdoor
gesture,False,False,42,0.1,top-left,3,0.1,0,0.01370046560519508,adam,16,flash,40,7,0,0,1,1,False,0.9200680272108843,0.8784722222222222,0.125
gesture,False,False,42,0.1,top-left,3,0.1,0,0.012351510976599592,adam,16,flash,40,7,0,0,1,2,False,0.9285714285714286,0.8819444444444444,0.1597222222222222
gesture,False,False,42,0.1,top-left,3,0.1,0,0.006844114962027592,adam,16,flash,40,6,0,0,1,3,False,0.9914965986394558,0.9166666666666666,0.9305555555555556
gesture,False,False,42,0.1,top-left,3,0.1,0,0.0073243698776781965,adam,16,flash,40,6,0,0,1,4,False,0.9872448979591837,0.9166666666666666,0.9930555555555556
gesture,False,False,42,0.1,top-left,3,0.1,0,0.005903522829290758,adam,16,flash,40,5,0,0,1,5,False,0.9923469387755102,0.9027777777777778,1.0
gesture,False,False,42,0.1,top-left,3,0.1,0,0.0060281991613331904,adam,16,flash,40,5,0,0,1,6,False,0.9965986394557823,0.90625,1.0
gesture,False,False,42,0.1,top-left,3,0.1,0,0.0049411013697077625,adam,16,flash,40,4,0,0,1,7,False,0.9957482993197279,0.8993055555555556,1.0
gesture,False,False,42,0.1,top-left,3,0.1,0,0.00469069493788795,adam,16,flash,40,4,0,0,1,8,False,0.9940476190476191,0.9131944444444444,1.0
