dataset,least,most_polarity,seed,epsilon,pos,polarity,trigger_size,trigger_label,loss,optimizer,batch_size,type,epochs,start,end,strobe_gap,strobe_on_duration,trigger_length,random,train_acc,test_acc_clean,test_acc_backdoor
gesture,False,False,42,0.1,top-left,2,0.1,0,0.014773328576338332,adam,16,static,40,7,0,0,1,1,False,0.9183673469387755,0.8854166666666666,0.11458333333333333
gesture,False,False,42,0.1,top-left,2,0.1,0,0.014889196470557224,adam,16,static,40,7,0,0,1,2,False,0.9149659863945578,0.8923611111111112,0.1076388888888889
gesture,False,False,42,0.1,top-left,2,0.1,0,0.015071020033970779,adam,16,static,40,6,0,0,1,3,False,0.9158163265306123,0.90625,0.11458333333333333
gesture,False,False,42,0.1,top-left,2,0.1,0,0.014033620068359943,adam,16,static,40,6,0,0,1,4,False,0.9175170068027211,0.8854166666666666,0.11805555555555555
gesture,False,False,42,0.1,top-left,2,0.1,0,0.013882902308310173,adam,16,static,40,5,0,0,1,5,False,0.9209183673469388,0.9131944444444444,0.10416666666666667
gesture,False,False,42,0.1,top-left,2,0.1,0,0.013563991524279118,adam,16,static,40,5,0,0,1,6,False,0.9260204081632653,0.8993055555555556,0.1111111111111111
gesture,False,False,42,0.1,top-left,2,0.1,0,0.0146616369004355,adam,16,static,40,4,0,0,1,7,False,0.9166666666666666,0.90625,0.1111111111111111
gesture,False,False,42,0.1,top-left,2,0.1,0,0.014866147136480427,adam,16,static,40,4,0,0,1,8,False,0.9166666666666666,0.8784722222222222,0.11805555555555555
