dataset,least,most_polarity,seed,epsilon,pos,polarity,trigger_size,trigger_label,loss,optimizer,batch_size,type,epochs,start,end,strobe_gap,strobe_on_duration,trigger_length,random,train_acc,test_acc_clean,test_acc_backdoor
gesture,False,False,42,0.1,top-left,1,0.1,0,0.014567453151277335,adam,16,static,40,7,0,1,1,1,False,0.9166666666666666,0.8888888888888888,0.10416666666666667
gesture,False,False,42,0.1,top-left,1,0.1,0,0.014191651716828346,adam,16,static,40,6,0,1,1,3,False,0.9200680272108843,0.8819444444444444,0.1284722222222222
gesture,False,False,42,0.1,top-left,1,0.1,0,0.014308754630310803,adam,16,static,40,5,0,1,1,5,False,0.9217687074829932,0.8819444444444444,0.11805555555555555
gesture,False,False,42,0.1,top-left,1,0.1,0,0.014473432519783577,adam,16,static,40,4,0,1,1,7,False,0.91921768707483,0.8958333333333334,0.1076388888888889
gesture,False,False,42,0.1,top-left,1,0.1,0,0.01404893883269559,adam,16,static,40,3,0,1,1,9,False,0.9226190476190477,0.90625,0.11805555555555555
gesture,False,False,42,0.1,top-left,1,0.1,0,0.011801262934166355,adam,16,static,40,2,0,1,1,11,False,0.9404761904761905,0.8923611111111112,0.21180555555555555
