dataset,least,most_polarity,seed,epsilon,pos,polarity,trigger_size,trigger_label,loss,optimizer,batch_size,type,epochs,start,end,strobe_gap,strobe_on_duration,trigger_length,random,train_acc,test_acc_clean,test_acc_backdoor
gesture,False,False,42,0.1,top-left,1,0.2,0,0.014158580388848473,adam,16,static,40,15,0,1,1,1,False,0.9209183673469388,0.9131944444444444,0.10416666666666667
gesture,False,False,42,0.1,top-left,1,0.2,0,0.01365069836238716,adam,16,static,40,13,0,1,1,3,False,0.9226190476190477,0.8923611111111112,0.1111111111111111
gesture,False,False,42,0.1,top-left,1,0.2,0,0.013995859312641174,adam,16,static,40,11,0,1,1,5,False,0.9149659863945578,0.9027777777777778,0.1076388888888889
gesture,False,False,42,0.1,top-left,1,0.2,0,0.00946146256106646,adam,16,static,40,9,0,1,1,7,False,0.9472789115646258,0.8958333333333334,0.2534722222222222
gesture,False,False,42,0.1,top-left,1,0.2,0,0.0064451164822569304,adam,16,static,40,7,0,1,1,9,False,0.9897959183673469,0.9201388888888888,0.9479166666666666
gesture,False,False,42,0.1,top-left,1,0.2,0,0.006796002595489021,adam,16,static,40,5,0,1,1,11,False,0.9846938775510204,0.9131944444444444,0.7222222222222222
