dataset,least,most_polarity,seed,epsilon,pos,polarity,trigger_size,trigger_label,loss,optimizer,batch_size,type,epochs,start,end,strobe_gap,strobe_on_duration,trigger_length,random,train_acc,test_acc_clean,test_acc_backdoor
gesture,False,False,42,0.1,top-left,1,0.1,0,0.014108734642516593,adam,16,static,40,15,0,1,1,1,False,0.9226190476190477,0.8958333333333334,0.11805555555555555
gesture,False,False,42,0.1,top-left,1,0.1,0,0.01413437153282417,adam,16,static,40,13,0,1,1,3,False,0.9217687074829932,0.8819444444444444,0.1111111111111111
gesture,False,False,42,0.1,top-left,1,0.1,0,0.013909734972454861,adam,16,static,40,11,0,1,1,5,False,0.9175170068027211,0.8993055555555556,0.1076388888888889
gesture,False,False,42,0.1,top-left,1,0.1,0,0.013813908737735683,adam,16,static,40,9,0,1,1,7,False,0.9226190476190477,0.8958333333333334,0.10416666666666667
gesture,False,False,42,0.1,top-left,1,0.1,0,0.01370506775153636,adam,16,static,40,7,0,1,1,9,False,0.9226190476190477,0.8993055555555556,0.125
gesture,False,False,42,0.1,top-left,1,0.1,0,0.007899983195258545,adam,16,static,40,5,0,1,1,11,False,0.9693877551020408,0.90625,0.5208333333333334
