dataset,least,most_polarity,seed,epsilon,pos,polarity,trigger_size,trigger_label,loss,optimizer,batch_size,type,epochs,start,end,strobe_gap,strobe_on_duration,trigger_length,random,train_acc,test_acc_clean,test_acc_backdoor
gesture,False,False,42,0.1,top-left,1,0.2,0,0.014455118143715624,adam,16,static,40,0,0,1,1,1,False,0.9158163265306123,0.8888888888888888,0.1111111111111111
gesture,False,False,42,0.1,top-left,1,0.2,0,0.014762898564946895,adam,16,static,40,0,0,1,1,3,False,0.9141156462585034,0.8958333333333334,0.11805555555555555
gesture,False,False,42,0.1,top-left,1,0.2,0,0.013303662301833127,adam,16,static,40,0,0,1,1,5,False,0.9209183673469388,0.8819444444444444,0.125
gesture,False,False,42,0.1,top-left,1,0.2,0,0.0050209687450951355,adam,16,static,40,0,0,1,1,7,False,0.9948979591836735,0.9131944444444444,1.0
gesture,False,False,42,0.1,top-left,1,0.2,0,0.004370358888199236,adam,16,static,40,0,0,1,1,9,False,0.9914965986394558,0.8923611111111112,1.0
gesture,False,False,42,0.1,top-left,1,0.2,0,0.004301147926662143,adam,16,static,40,0,0,1,1,11,False,0.9906462585034014,0.9027777777777778,1.0
