dataset,least,most_polarity,seed,epsilon,pos,polarity,trigger_size,trigger_label,loss,optimizer,batch_size,type,epochs,start,end,strobe_gap,strobe_on_duration,trigger_length,random,train_acc,test_acc_clean,test_acc_backdoor
gesture,False,False,42,0.1,top-left,1,0.1,0,0.014005467919696148,adam,16,static,40,0,0,1,1,1,False,0.9217687074829932,0.8993055555555556,0.10416666666666667
gesture,False,False,42,0.1,top-left,1,0.1,0,0.014419736635244014,adam,16,static,40,0,0,1,1,3,False,0.91921768707483,0.8888888888888888,0.1111111111111111
gesture,False,False,42,0.1,top-left,1,0.1,0,0.013963708783924377,adam,16,static,40,0,0,1,1,5,False,0.9183673469387755,0.9131944444444444,0.1076388888888889
gesture,False,False,42,0.1,top-left,1,0.1,0,0.014247431362770041,adam,16,static,40,0,0,1,1,7,False,0.9183673469387755,0.8923611111111112,0.11458333333333333
gesture,False,False,42,0.1,top-left,1,0.1,0,0.01437431512413179,adam,16,static,40,0,0,1,1,9,False,0.9217687074829932,0.90625,0.1111111111111111
gesture,False,False,42,0.1,top-left,1,0.1,0,0.012864755688323862,adam,16,static,40,0,0,1,1,11,False,0.9285714285714286,0.8854166666666666,0.13194444444444445
