dataset,least,most_polarity,seed,epsilon,pos,polarity,trigger_size,trigger_label,loss,optimizer,batch_size,type,epochs,start,end,strobe_gap,strobe_on_duration,trigger_length,random,train_acc,test_acc_clean,test_acc_backdoor
gesture,False,False,42,0.1,top-left,1,0.2,0,0.01466351212794278,adam,16,static,40,7,0,1,1,1,False,0.9217687074829932,0.9027777777777778,0.1076388888888889
gesture,False,False,42,0.1,top-left,1,0.2,0,0.014704987213497056,adam,16,static,40,6,0,1,1,3,False,0.9166666666666666,0.8784722222222222,0.12152777777777778
gesture,False,False,42,0.1,top-left,1,0.2,0,0.014249179559778802,adam,16,static,40,5,0,1,1,5,False,0.9200680272108843,0.8958333333333334,0.11458333333333333
gesture,False,False,42,0.1,top-left,1,0.2,0,0.0052446843327662975,adam,16,static,40,4,0,1,1,7,False,0.9889455782312925,0.8993055555555556,1.0
gesture,False,False,42,0.1,top-left,1,0.2,0,0.004407491778866166,adam,16,static,40,3,0,1,1,9,False,0.9940476190476191,0.8993055555555556,1.0
gesture,False,False,42,0.1,top-left,1,0.2,0,0.005705112144731137,adam,16,static,40,2,0,1,1,11,False,0.9931972789115646,0.9236111111111112,0.9930555555555556
