dataset,least,most_polarity,seed,epsilon,pos,polarity,trigger_size,trigger_label,loss,optimizer,batch_size,type,epochs,start,end,strobe_gap,strobe_on_duration,trigger_length,random,train_acc,test_acc_clean,test_acc_backdoor
gesture,False,False,42,0.1,top-left,1,0.3,0,0.01419483153719683,adam,16,static,40,7,0,1,1,1,False,0.9217687074829932,0.9097222222222222,0.10069444444444445
gesture,False,False,42,0.1,top-left,1,0.3,0,0.012953350025856373,adam,16,static,40,6,0,1,1,3,False,0.923469387755102,0.8888888888888888,0.1423611111111111
gesture,False,False,42,0.1,top-left,1,0.3,0,0.0060400996312853835,adam,16,static,40,5,0,1,1,5,False,0.9906462585034014,0.8993055555555556,0.9722222222222222
gesture,False,False,42,0.1,top-left,1,0.3,0,0.00492629898255881,adam,16,static,40,4,0,1,1,7,False,0.9906462585034014,0.90625,1.0
gesture,False,False,42,0.1,top-left,1,0.3,0,0.0045939898894478874,adam,16,static,40,3,0,1,1,9,False,0.9897959183673469,0.90625,1.0
gesture,False,False,42,0.1,top-left,1,0.3,0,0.003918017775491894,adam,16,static,40,2,0,1,1,11,False,0.9965986394557823,0.9236111111111112,1.0
