dataset,least,most_polarity,seed,epsilon,pos,polarity,trigger_size,trigger_label,loss,optimizer,batch_size,type,epochs,start,end,strobe_gap,strobe_on_duration,trigger_length,random,train_acc,test_acc_clean,test_acc_backdoor
gesture,False,False,57,0.1,top-left,3,0.3,0,0.013257557881020364,adam,16,static,40,0,0,1,1,1,False,0.9268707482993197,0.8819444444444444,0.1111111111111111
gesture,False,False,57,0.1,top-left,3,0.3,0,0.014425767230845633,adam,16,static,40,0,0,1,1,3,False,0.91921768707483,0.8819444444444444,0.10416666666666667
gesture,False,False,57,0.1,top-left,3,0.3,0,0.013142813594226225,adam,16,static,40,0,0,1,1,5,False,0.9277210884353742,0.8923611111111112,0.1076388888888889
gesture,False,False,57,0.1,top-left,3,0.3,0,0.012291054063964458,adam,16,static,40,0,0,1,1,7,False,0.9328231292517006,0.8958333333333334,0.16319444444444445
gesture,False,False,57,0.1,top-left,3,0.3,0,0.012887545465333324,adam,16,static,40,0,0,1,1,9,False,0.9251700680272109,0.8923611111111112,0.10416666666666667
gesture,False,False,57,0.1,top-left,3,0.3,0,0.009224895213660942,adam,16,static,40,0,0,1,1,11,False,0.9702380952380952,0.9097222222222222,0.5902777777777778
