dataset,least,most_polarity,seed,epsilon,pos,polarity,trigger_size,trigger_label,loss,optimizer,batch_size,type,epochs,start,end,strobe_gap,strobe_on_duration,trigger_length,random,train_acc,test_acc_clean,test_acc_backdoor
gesture,False,False,57,0.1,top-left,3,0.1,0,0.012620376622570413,adam,16,static,40,0,0,1,1,1,False,0.9285714285714286,0.8888888888888888,0.10069444444444445
gesture,False,False,57,0.1,top-left,3,0.1,0,0.012164931269172502,adam,16,static,40,0,0,1,1,3,False,0.9362244897959183,0.8854166666666666,0.1076388888888889
gesture,False,False,57,0.1,top-left,3,0.1,0,0.012307130753816594,adam,16,static,40,0,0,1,1,5,False,0.935374149659864,0.8923611111111112,0.10416666666666667
gesture,False,False,57,0.1,top-left,3,0.1,0,0.012783293987681367,adam,16,static,40,0,0,1,1,7,False,0.9302721088435374,0.90625,0.1076388888888889
gesture,False,False,57,0.1,top-left,3,0.1,0,0.012092350137920505,adam,16,static,40,0,0,1,1,9,False,0.9379251700680272,0.8888888888888888,0.125
gesture,False,False,57,0.1,top-left,3,0.1,0,0.012722127595726324,adam,16,static,40,0,0,1,1,11,False,0.9285714285714286,0.8958333333333334,0.1076388888888889
