dataset,least,most_polarity,seed,epsilon,pos,polarity,trigger_size,trigger_label,loss,optimizer,batch_size,type,epochs,start,end,strobe_gap,strobe_on_duration,trigger_length,random,train_acc,test_acc_clean,test_acc_backdoor
gesture,False,False,57,0.1,top-left,3,0.2,0,0.012569458941377851,adam,16,static,40,0,0,1,1,1,False,0.9302721088435374,0.90625,0.10069444444444445
gesture,False,False,57,0.1,top-left,3,0.2,0,0.012268868417536117,adam,16,static,40,0,0,1,1,3,False,0.9302721088435374,0.90625,0.10416666666666667
gesture,False,False,57,0.1,top-left,3,0.2,0,0.01393144956289404,adam,16,static,40,0,0,1,1,5,False,0.9183673469387755,0.90625,0.09722222222222222
gesture,False,False,57,0.1,top-left,3,0.2,0,0.013341435617735597,adam,16,static,40,0,0,1,1,7,False,0.9268707482993197,0.9097222222222222,0.10416666666666667
gesture,False,False,57,0.1,top-left,3,0.2,0,0.012258870411524866,adam,16,static,40,0,0,1,1,9,False,0.9294217687074829,0.8923611111111112,0.1111111111111111
gesture,False,False,57,0.1,top-left,3,0.2,0,0.011082332983587672,adam,16,static,40,0,0,1,1,11,False,0.9413265306122449,0.9131944444444444,0.1284722222222222
