dataset,least,most_polarity,seed,epsilon,pos,polarity,trigger_size,trigger_label,loss,optimizer,batch_size,type,epochs,start,end,strobe_gap,strobe_on_duration,trigger_length,random,train_acc,test_acc_clean,test_acc_backdoor
gesture,False,False,57,0.1,top-left,3,0.2,0,0.011803352514750698,adam,16,static,40,15,0,1,1,1,False,0.9362244897959183,0.8854166666666666,0.11458333333333333
gesture,False,False,57,0.1,top-left,3,0.2,0,0.01228782294007639,adam,16,static,40,13,0,1,1,3,False,0.9285714285714286,0.8958333333333334,0.1111111111111111
gesture,False,False,57,0.1,top-left,3,0.2,0,0.012804561576546252,adam,16,static,40,11,0,1,1,5,False,0.9260204081632653,0.90625,0.09722222222222222
gesture,False,False,57,0.1,top-left,3,0.2,0,0.01198350938771959,adam,16,static,40,9,0,1,1,7,False,0.9379251700680272,0.8958333333333334,0.1111111111111111
gesture,False,False,57,0.1,top-left,3,0.2,0,0.012957979237572068,adam,16,static,40,7,0,1,1,9,False,0.9251700680272109,0.8923611111111112,0.1111111111111111
gesture,False,False,57,0.1,top-left,3,0.2,0,0.013331325705714372,adam,16,static,40,5,0,1,1,11,False,0.923469387755102,0.8923611111111112,0.10069444444444445
