dataset,least,most_polarity,seed,epsilon,pos,polarity,trigger_size,trigger_label,loss,optimizer,batch_size,type,epochs,start,end,strobe_gap,strobe_on_duration,trigger_length,random,train_acc,test_acc_clean,test_acc_backdoor
gesture,False,False,57,0.1,top-left,3,0.1,0,0.012012721649149344,adam,16,static,40,15,0,1,1,1,False,0.9336734693877551,0.8958333333333334,0.10069444444444445
gesture,False,False,57,0.1,top-left,3,0.1,0,0.013051124109069303,adam,16,static,40,13,0,1,1,3,False,0.9302721088435374,0.9027777777777778,0.09722222222222222
gesture,False,False,57,0.1,top-left,3,0.1,0,0.01234739820542587,adam,16,static,40,11,0,1,1,5,False,0.9387755102040817,0.8958333333333334,0.1076388888888889
gesture,False,False,57,0.1,top-left,3,0.1,0,0.01278092050418055,adam,16,static,40,9,0,1,1,7,False,0.9319727891156463,0.8923611111111112,0.10069444444444445
gesture,False,False,57,0.1,top-left,3,0.1,0,0.012611417182195349,adam,16,static,40,7,0,1,1,9,False,0.9294217687074829,0.8958333333333334,0.1076388888888889
gesture,False,False,57,0.1,top-left,3,0.1,0,0.012761606514884704,adam,16,static,40,5,0,1,1,11,False,0.9277210884353742,0.8854166666666666,0.09722222222222222
