dataset,least,most_polarity,seed,epsilon,pos,polarity,trigger_size,trigger_label,loss,optimizer,batch_size,type,epochs,start,end,strobe_gap,strobe_on_duration,trigger_length,random,train_acc,test_acc_clean,test_acc_backdoor
gesture,False,False,57,0.1,top-left,3,0.3,0,0.013080291155421612,adam,16,static,40,15,0,1,1,1,False,0.9294217687074829,0.8854166666666666,0.10416666666666667
gesture,False,False,57,0.1,top-left,3,0.3,0,0.013314164840762003,adam,16,static,40,13,0,1,1,3,False,0.9294217687074829,0.8854166666666666,0.10416666666666667
gesture,False,False,57,0.1,top-left,3,0.3,0,0.01285262886105346,adam,16,static,40,11,0,1,1,5,False,0.9319727891156463,0.8819444444444444,0.1076388888888889
gesture,False,False,57,0.1,top-left,3,0.3,0,0.01335241497323221,adam,16,static,40,9,0,1,1,7,False,0.9277210884353742,0.875,0.09722222222222222
gesture,False,False,57,0.1,top-left,3,0.3,0,0.013345581568067982,adam,16,static,40,7,0,1,1,9,False,0.9277210884353742,0.9201388888888888,0.10069444444444445
gesture,False,False,57,0.1,top-left,3,0.3,0,0.007295900395102039,adam,16,static,40,5,0,1,1,11,False,0.9812925170068028,0.9166666666666666,0.7881944444444444
