dataset,least,most_polarity,seed,epsilon,pos,polarity,trigger_size,trigger_label,loss,optimizer,batch_size,type,epochs,start,end,strobe_gap,strobe_on_duration,trigger_length,random,train_acc,test_acc_clean,test_acc_backdoor
gesture,False,False,57,0.1,top-left,3,0.1,0,0.012361584687415434,adam,16,static,40,7,0,1,1,1,False,0.9268707482993197,0.9097222222222222,0.1111111111111111
gesture,False,False,57,0.1,top-left,3,0.1,0,0.012322660934712206,adam,16,static,40,6,0,1,1,3,False,0.9302721088435374,0.9097222222222222,0.10069444444444445
gesture,False,False,57,0.1,top-left,3,0.1,0,0.01311537970275599,adam,16,static,40,5,0,1,1,5,False,0.9268707482993197,0.8888888888888888,0.10416666666666667
gesture,False,False,57,0.1,top-left,3,0.1,0,0.012839795134606816,adam,16,static,40,4,0,1,1,7,False,0.9251700680272109,0.90625,0.10416666666666667
gesture,False,False,57,0.1,top-left,3,0.1,0,0.012577669294297595,adam,16,static,40,3,0,1,1,9,False,0.9294217687074829,0.90625,0.1111111111111111
gesture,False,False,57,0.1,top-left,3,0.1,0,0.012252785753281344,adam,16,static,40,2,0,1,1,11,False,0.9294217687074829,0.90625,0.10416666666666667
