dataset,least,most_polarity,seed,epsilon,pos,polarity,trigger_size,trigger_label,loss,optimizer,batch_size,type,epochs,start,end,strobe_gap,strobe_on_duration,trigger_length,random,train_acc,test_acc_clean,test_acc_backdoor
gesture,False,False,57,0.1,top-left,3,0.3,0,0.013134708586877503,adam,16,static,40,7,0,1,1,1,False,0.9294217687074829,0.8993055555555556,0.1076388888888889
gesture,False,False,57,0.1,top-left,3,0.3,0,0.012523372483370052,adam,16,static,40,6,0,1,1,3,False,0.9311224489795918,0.8958333333333334,0.1076388888888889
gesture,False,False,57,0.1,top-left,3,0.3,0,0.012194762720732766,adam,16,static,40,5,0,1,1,5,False,0.9294217687074829,0.9097222222222222,0.11458333333333333
gesture,False,False,57,0.1,top-left,3,0.3,0,0.012065173250299936,adam,16,static,40,4,0,1,1,7,False,0.9370748299319728,0.8993055555555556,0.11458333333333333
gesture,False,False,57,0.1,top-left,3,0.3,0,0.006377445513281186,adam,16,static,40,3,0,1,1,9,False,0.9872448979591837,0.9166666666666666,0.9479166666666666
gesture,False,False,57,0.1,top-left,3,0.3,0,0.004706983066474398,adam,16,static,40,2,0,1,1,11,False,0.9914965986394558,0.9166666666666666,0.9826388888888888
