dataset,least,most_polarity,seed,epsilon,pos,polarity,trigger_size,trigger_label,loss,optimizer,batch_size,type,epochs,start,end,strobe_gap,strobe_on_duration,trigger_length,random,train_acc,test_acc_clean,test_acc_backdoor
gesture,False,False,57,0.1,top-left,0,0.1,0,0.012349626701958731,adam,16,flash,40,7,0,0,1,1,False,0.9319727891156463,0.8958333333333334,0.1111111111111111
gesture,False,False,57,0.1,top-left,0,0.1,0,0.011686898864564949,adam,16,flash,40,7,0,0,1,2,False,0.9336734693877551,0.8958333333333334,0.1284722222222222
gesture,False,False,57,0.1,top-left,0,0.1,0,0.008355410308672153,adam,16,flash,40,6,0,0,1,3,False,0.9489795918367347,0.8993055555555556,0.1701388888888889
gesture,False,False,57,0.1,top-left,0,0.1,0,0.007899032032978879,adam,16,flash,40,6,0,0,1,4,False,0.95578231292517,0.9375,0.2743055555555556
gesture,False,False,57,0.1,top-left,0,0.1,0,0.007528143645055136,adam,16,flash,40,5,0,0,1,5,False,0.9668367346938775,0.9236111111111112,0.4722222222222222
gesture,False,False,57,0.1,top-left,0,0.1,0,0.005154341712695401,adam,16,flash,40,5,0,0,1,6,False,0.9965986394557823,0.9236111111111112,0.9548611111111112
gesture,False,False,57,0.1,top-left,0,0.1,0,0.004554719070200713,adam,16,flash,40,4,0,0,1,7,False,0.9974489795918368,0.9270833333333334,1.0
gesture,False,False,57,0.1,top-left,0,0.1,0,0.004948861984105236,adam,16,flash,40,4,0,0,1,8,False,0.9965986394557823,0.9201388888888888,1.0
