dataset,least,most_polarity,seed,epsilon,pos,polarity,trigger_size,trigger_label,loss,optimizer,batch_size,type,epochs,start,end,strobe_gap,strobe_on_duration,trigger_length,random,train_acc,test_acc_clean,test_acc_backdoor
gesture,False,False,57,0.1,top-left,0,0.1,0,0.012446428177130668,adam,16,flash,40,15,0,0,1,1,False,0.9251700680272109,0.8854166666666666,0.10069444444444445
gesture,False,False,57,0.1,top-left,0,0.1,0,0.011905997300989369,adam,16,flash,40,14,0,0,1,2,False,0.9285714285714286,0.8923611111111112,0.09722222222222222
gesture,False,False,57,0.1,top-left,0,0.1,0,0.010241725003714262,adam,16,flash,40,13,0,0,1,3,False,0.939625850340136,0.9201388888888888,0.11458333333333333
gesture,False,False,57,0.1,top-left,0,0.1,0,0.009480824781150943,adam,16,flash,40,12,0,0,1,4,False,0.9345238095238095,0.9270833333333334,0.12152777777777778
gesture,False,False,57,0.1,top-left,0,0.1,0,0.008683582639549764,adam,16,flash,40,11,0,0,1,5,False,0.935374149659864,0.9270833333333334,0.17708333333333334
gesture,False,False,57,0.1,top-left,0,0.1,0,0.007716722206725758,adam,16,flash,40,10,0,0,1,6,False,0.9481292517006803,0.9340277777777778,0.2604166666666667
gesture,False,False,57,0.1,top-left,0,0.1,0,0.0066991826966024785,adam,16,flash,40,9,0,0,1,7,False,0.9625850340136054,0.9305555555555556,0.5347222222222222
gesture,False,False,57,0.1,top-left,0,0.1,0,0.006396578187693139,adam,16,flash,40,8,0,0,1,8,False,0.9872448979591837,0.9131944444444444,0.875
