dataset,least,most_polarity,seed,epsilon,pos,polarity,trigger_size,trigger_label,loss,optimizer,batch_size,type,epochs,start,end,strobe_gap,strobe_on_duration,trigger_length,random,train_acc,test_acc_clean,test_acc_backdoor
gesture,False,False,57,0.1,top-left,0,0.1,0,0.01283308851602329,adam,16,flash,40,0,0,0,1,1,False,0.9260204081632653,0.9027777777777778,0.10069444444444445
gesture,False,False,57,0.1,top-left,0,0.1,0,0.01067330890975031,adam,16,flash,40,0,0,0,1,2,False,0.9336734693877551,0.9027777777777778,0.11458333333333333
gesture,False,False,57,0.1,top-left,0,0.1,0,0.010285380448461796,adam,16,flash,40,0,0,0,1,3,False,0.9362244897959183,0.9027777777777778,0.17708333333333334
gesture,False,False,57,0.1,top-left,0,0.1,0,0.007016272691148175,adam,16,flash,40,0,0,0,1,4,False,0.9736394557823129,0.9201388888888888,0.59375
gesture,False,False,57,0.1,top-left,0,0.1,0,0.006292124687484941,adam,16,flash,40,0,0,0,1,5,False,0.9855442176870748,0.9131944444444444,0.8715277777777778
gesture,False,False,57,0.1,top-left,0,0.1,0,0.004918324030131152,adam,16,flash,40,0,0,0,1,6,False,0.9931972789115646,0.9131944444444444,0.9861111111111112
gesture,False,False,57,0.1,top-left,0,0.1,0,0.004541390186625527,adam,16,flash,40,0,0,0,1,7,False,0.9957482993197279,0.9166666666666666,1.0
gesture,False,False,57,0.1,top-left,0,0.1,0,0.004787783496411276,adam,16,flash,40,0,0,0,1,8,False,0.9948979591836735,0.9201388888888888,1.0
