dataset,least,most_polarity,seed,epsilon,pos,polarity,trigger_size,trigger_label,loss,optimizer,batch_size,type,epochs,start,end,strobe_gap,strobe_on_duration,trigger_length,random,train_acc,test_acc_clean,test_acc_backdoor
gesture,False,False,42,0.1,top-left,0,0.2,0,0.01422986585241394,adam,16,static,40,0,0,1,1,1,False,0.9209183673469388,0.9027777777777778,0.11458333333333333
gesture,False,False,42,0.1,top-left,0,0.2,0,0.013933071185562277,adam,16,static,40,0,0,1,1,3,False,0.9251700680272109,0.8784722222222222,0.1284722222222222
gesture,False,False,42,0.1,top-left,0,0.2,0,0.01422827142183067,adam,16,static,40,0,0,1,1,5,False,0.9166666666666666,0.8958333333333334,0.1111111111111111
gesture,False,False,42,0.1,top-left,0,0.2,0,0.014613768814423053,adam,16,static,40,0,0,1,1,7,False,0.9166666666666666,0.8784722222222222,0.12152777777777778
gesture,False,False,42,0.1,top-left,0,0.2,0,0.013540685743879096,adam,16,static,40,0,0,1,1,9,False,0.923469387755102,0.8854166666666666,0.1076388888888889
gesture,False,False,42,0.1,top-left,0,0.2,0,0.014161711701248981,adam,16,static,40,0,0,1,1,11,False,0.9158163265306123,0.8958333333333334,0.1111111111111111
