dataset,least,most_polarity,seed,epsilon,pos,polarity,trigger_size,trigger_label,loss,optimizer,batch_size,type,epochs,start,end,strobe_gap,strobe_on_duration,trigger_length,random,train_acc,test_acc_clean,test_acc_backdoor
gesture,False,False,42,0.1,top-left,0,0.1,0,0.014487546662717652,adam,16,static,40,0,0,1,1,1,False,0.9175170068027211,0.875,0.13194444444444445
gesture,False,False,42,0.1,top-left,0,0.1,0,0.013752600355517296,adam,16,static,40,0,0,1,1,3,False,0.9260204081632653,0.8993055555555556,0.11458333333333333
gesture,False,False,42,0.1,top-left,0,0.1,0,0.01493552735164052,adam,16,static,40,0,0,1,1,5,False,0.9158163265306123,0.8784722222222222,0.11805555555555555
gesture,False,False,42,0.1,top-left,0,0.1,0,0.01471004222019189,adam,16,static,40,0,0,1,1,7,False,0.91921768707483,0.8923611111111112,0.11805555555555555
gesture,False,False,42,0.1,top-left,0,0.1,0,0.014095342239732443,adam,16,static,40,0,0,1,1,9,False,0.9217687074829932,0.8993055555555556,0.12152777777777778
gesture,False,False,42,0.1,top-left,0,0.1,0,0.013961444048172966,adam,16,static,40,0,0,1,1,11,False,0.9217687074829932,0.8993055555555556,0.1111111111111111
