dataset,least,most_polarity,seed,epsilon,pos,polarity,trigger_size,trigger_label,loss,optimizer,batch_size,type,epochs,start,end,strobe_gap,strobe_on_duration,trigger_length,random,train_acc,test_acc_clean,test_acc_backdoor
gesture,False,False,42,0.1,top-left,0,0.2,0,0.01415479978939303,adam,16,static,40,15,0,1,1,1,False,0.91921768707483,0.8680555555555556,0.1111111111111111
gesture,False,False,42,0.1,top-left,0,0.2,0,0.014656971481178893,adam,16,static,40,13,0,1,1,3,False,0.9158163265306123,0.8958333333333334,0.11458333333333333
gesture,False,False,42,0.1,top-left,0,0.2,0,0.01363289432258022,adam,16,static,40,11,0,1,1,5,False,0.9217687074829932,0.8923611111111112,0.1076388888888889
gesture,False,False,42,0.1,top-left,0,0.2,0,0.013386220243588393,adam,16,static,40,9,0,1,1,7,False,0.9251700680272109,0.8819444444444444,0.12152777777777778
gesture,False,False,42,0.1,top-left,0,0.2,0,0.01409189673584132,adam,16,static,40,7,0,1,1,9,False,0.9209183673469388,0.8819444444444444,0.1111111111111111
gesture,False,False,42,0.1,top-left,0,0.2,0,0.014607110624613406,adam,16,static,40,5,0,1,1,11,False,0.9183673469387755,0.8819444444444444,0.1284722222222222
