dataset,least,most_polarity,seed,epsilon,pos,polarity,trigger_size,trigger_label,loss,optimizer,batch_size,type,epochs,start,end,strobe_gap,strobe_on_duration,trigger_length,random,train_acc,test_acc_clean,test_acc_backdoor
gesture,False,False,57,0.1,top-left,2,0.2,0,0.012607588385212786,adam,16,static,40,15,0,0,1,1,False,0.9311224489795918,0.90625,0.11805555555555555
gesture,False,False,57,0.1,top-left,2,0.2,0,0.012964981994559976,adam,16,static,40,14,0,0,1,2,False,0.9294217687074829,0.8923611111111112,0.10069444444444445
gesture,False,False,57,0.1,top-left,2,0.2,0,0.012795128172174805,adam,16,static,40,13,0,0,1,3,False,0.9362244897959183,0.8993055555555556,0.10416666666666667
gesture,False,False,57,0.1,top-left,2,0.2,0,0.01307587317653558,adam,16,static,40,12,0,0,1,4,False,0.9243197278911565,0.8888888888888888,0.09722222222222222
gesture,False,False,57,0.1,top-left,2,0.2,0,0.010652769230255465,adam,16,static,40,11,0,0,1,5,False,0.9438775510204082,0.8923611111111112,0.14583333333333334
gesture,False,False,57,0.1,top-left,2,0.2,0,0.0093815498383475,adam,16,static,40,10,0,0,1,6,False,0.951530612244898,0.90625,0.3541666666666667
gesture,False,False,57,0.1,top-left,2,0.2,0,0.00804140354779099,adam,16,static,40,9,0,0,1,7,False,0.9685374149659864,0.90625,0.4826388888888889
gesture,False,False,57,0.1,top-left,2,0.2,0,0.006476478765205461,adam,16,static,40,8,0,0,1,8,False,0.9897959183673469,0.9236111111111112,0.8819444444444444
