dataset,least,most_polarity,seed,epsilon,pos,polarity,trigger_size,trigger_label,loss,optimizer,batch_size,type,epochs,start,end,strobe_gap,strobe_on_duration,trigger_length,random,train_acc,test_acc_clean,test_acc_backdoor
gesture,False,False,57,0.1,top-left,2,0.1,0,0.011772358631651823,adam,16,static,40,15,0,0,1,1,False,0.9336734693877551,0.875,0.1111111111111111
gesture,False,False,57,0.1,top-left,2,0.1,0,0.01246898507598002,adam,16,static,40,14,0,0,1,2,False,0.9285714285714286,0.9097222222222222,0.09722222222222222
gesture,False,False,57,0.1,top-left,2,0.1,0,0.012846972935890056,adam,16,static,40,13,0,0,1,3,False,0.9260204081632653,0.8923611111111112,0.10069444444444445
gesture,False,False,57,0.1,top-left,2,0.1,0,0.01300000711217472,adam,16,static,40,12,0,0,1,4,False,0.9277210884353742,0.9027777777777778,0.10069444444444445
gesture,False,False,57,0.1,top-left,2,0.1,0,0.012994659195026877,adam,16,static,40,11,0,0,1,5,False,0.9285714285714286,0.8854166666666666,0.11458333333333333
gesture,False,False,57,0.1,top-left,2,0.1,0,0.01287911731280944,adam,16,static,40,10,0,0,1,6,False,0.9268707482993197,0.9097222222222222,0.10069444444444445
gesture,False,False,57,0.1,top-left,2,0.1,0,0.011554615776415686,adam,16,static,40,9,0,0,1,7,False,0.9379251700680272,0.8888888888888888,0.10069444444444445
gesture,False,False,57,0.1,top-left,2,0.1,0,0.012090517608702283,adam,16,static,40,8,0,0,1,8,False,0.9294217687074829,0.9097222222222222,0.1076388888888889
