dataset,least,most_polarity,seed,epsilon,pos,polarity,trigger_size,trigger_label,loss,optimizer,batch_size,type,epochs,start,end,strobe_gap,strobe_on_duration,trigger_length,random,train_acc,test_acc_clean,test_acc_backdoor
gesture,False,False,57,0.1,top-left,2,0.1,0,0.012537000586791915,adam,16,static,40,0,0,0,1,1,False,0.9319727891156463,0.9131944444444444,0.09027777777777778
gesture,False,False,57,0.1,top-left,2,0.1,0,0.013601728483755775,adam,16,static,40,0,0,0,1,2,False,0.9217687074829932,0.8993055555555556,0.10416666666666667
gesture,False,False,57,0.1,top-left,2,0.1,0,0.012847869967420896,adam,16,static,40,0,0,0,1,3,False,0.9268707482993197,0.9027777777777778,0.10416666666666667
gesture,False,False,57,0.1,top-left,2,0.1,0,0.013152977587895937,adam,16,static,40,0,0,0,1,4,False,0.9277210884353742,0.8923611111111112,0.10069444444444445
gesture,False,False,57,0.1,top-left,2,0.1,0,0.012500930520496806,adam,16,static,40,0,0,0,1,5,False,0.9294217687074829,0.8923611111111112,0.09375
gesture,False,False,57,0.1,top-left,2,0.1,0,0.012796505221298762,adam,16,static,40,0,0,0,1,6,False,0.9260204081632653,0.90625,0.10069444444444445
gesture,False,False,57,0.1,top-left,2,0.1,0,0.012472098580795992,adam,16,static,40,0,0,0,1,7,False,0.9379251700680272,0.8854166666666666,0.1111111111111111
gesture,False,False,57,0.1,top-left,2,0.1,0,0.012709973449660402,adam,16,static,40,0,0,0,1,8,False,0.9362244897959183,0.9027777777777778,0.10069444444444445
