dataset,least,most_polarity,seed,epsilon,pos,polarity,trigger_size,trigger_label,loss,optimizer,batch_size,type,epochs,start,end,strobe_gap,strobe_on_duration,trigger_length,random,train_acc,test_acc_clean,test_acc_backdoor
gesture,False,False,57,0.1,top-left,2,0.1,0,0.012339909301221776,adam,16,static,40,7,0,0,1,1,False,0.9260204081632653,0.9027777777777778,0.09722222222222222
gesture,False,False,57,0.1,top-left,2,0.1,0,0.01319794666630273,adam,16,static,40,7,0,0,1,2,False,0.9217687074829932,0.8854166666666666,0.1111111111111111
gesture,False,False,57,0.1,top-left,2,0.1,0,0.013267251209919752,adam,16,static,40,6,0,0,1,3,False,0.9243197278911565,0.8784722222222222,0.1076388888888889
gesture,False,False,57,0.1,top-left,2,0.1,0,0.012199452384470068,adam,16,static,40,6,0,0,1,4,False,0.935374149659864,0.8993055555555556,0.1076388888888889
gesture,False,False,57,0.1,top-left,2,0.1,0,0.012353174866741003,adam,16,static,40,5,0,0,1,5,False,0.9336734693877551,0.9097222222222222,0.10416666666666667
gesture,False,False,57,0.1,top-left,2,0.1,0,0.011873985664462862,adam,16,static,40,5,0,0,1,6,False,0.9387755102040817,0.90625,0.11458333333333333
gesture,False,False,57,0.1,top-left,2,0.1,0,0.012712198968495236,adam,16,static,40,4,0,0,1,7,False,0.9311224489795918,0.875,0.1076388888888889
gesture,False,False,57,0.1,top-left,2,0.1,0,0.010899506770644565,adam,16,static,40,4,0,0,1,8,False,0.9421768707482994,0.9131944444444444,0.1597222222222222
